<?xml version="1.0" encoding="utf-8" standalone="no" ?>
	<modDesc descVersion="65">
    <author>Aruetiise</author>
    <version>1.0.0.0</version>
    <title>
		<en>Farmland Auctions</en>
        <de>Feldversteigerungen</de>
    </title>
    <description>
        <en><![CDATA[The local auction house has reopened and new farmland will be auctioned.
Be advised: Since 2013, nearby farmers have improved their skills at auctions.
If you want to participate in the next auction, visit the farmland and hit 'b' to place your bid.
The auction house ensures everybody that there will be at least one auction per year. If you do not use seasons there will be an auction a few days apart.
This mod supports single player only right now.]]></en>
		
		<de><![CDATA[Das örtliche Auktionshaus ist wieder geöffnet und versteigert wieder Ländereien. 
Doch sein Sie gewarnt: Seit 2013 haben die umliegenden Landwirte ihre Fähigkeiten bei Auktionen verbessert.  
Wenn Sie mitbieten wollen, gehen Sie einfach auf das zur Auktion stehende Stück Land und geben Sie Ihr Gebot mit 'b' ab.
Das Auktionshaus hat zugesichert, dass es mindestens eine Auktion im Jahr geben wird. Wenn Sie ohne Jahreszeiten spielen, gibt es alle paar Tage eine neue Auktion.
Im Moment ist dieser Mod nur im Singleplayer verfügbar.]]></de>
	</description>
    <iconFilename>modIcon.dds</iconFilename>
    <multiplayer supported="false" />
	<l10n filenamePrefix="localization/l10n"/>
    <extraSourceFiles>
		<sourceFile filename="scripts/AuctionManager.lua" />
        <sourceFile filename="scripts/Auction.lua" />
	</extraSourceFiles>
</modDesc>