﻿<?xml version="1.0" encoding="utf-8" standalone="no"?>
<modDesc descVersion="64">
	<author>Adub Modding Mantrid ABP Team</author>
	<version>1.0.0.0</version>
	<title>
		<en>Brush Cutter</en>
		<de>Freischneider</de>
		<fr>Débroussailleuse</fr>
	</title>
	<description>
		<en><![CDATA[Brush Cutter

- Price: 200 $
- Working width: 0.50 m
- Color configuration]]></en>
		<de><![CDATA[Freischneider

- Preis: 200 €
- Arbeitsbreite: 0,5 m
- Farbkonfiguration]]></de>
		<fr><![CDATA[Débroussailleuse

- Prix : 200
- Largeur de travail : 0,50 m
- Configuration des couleurs]]></fr>
	</description>
	<iconFilename>icon.dds</iconFilename>
	<multiplayer supported="true"/>
	<storeItems>
		<storeItem xmlFilename="trimmer.xml"/>
	</storeItems>
</modDesc>