﻿<?xml version="1.0" encoding="utf-8" standalone="no"?>
<vehicle type="handToolMower" xmlns:xsi="http://www.w3.org/2001/XMLSchema-instance" xsi:noNamespaceSchemaLocation="../../../../shared/xml/schema/vehicle.xsd">
	<annotation>Copyright (C) GIANTS Software GmbH, All Rights Reserved.</annotation>
	<storeData>
		<name>
			<en>Brush Cutter</en>
			<de>Freischneider</de>
		</name>
		<specs>
			<power>10</power>
			<maxSpeed>8</maxSpeed>
			<workingWidth>0.50</workingWidth>
		</specs>
		<functions>
			<function>$l10n_function_mower</function>
		</functions>
		<image>store/store.dds</image>
		<price>200</price>
		<lifetime>600</lifetime>
		<rotation>0</rotation>
		<shopTranslationOffset>0 0.52 0</shopTranslationOffset>
		<brand>LIZARD</brand>
		<category>mowerVehicles</category>
        <vertexBufferMemoryUsage>34816</vertexBufferMemoryUsage>
        <indexBufferMemoryUsage>6400</indexBufferMemoryUsage>
        <textureMemoryUsage>524288</textureMemoryUsage>
        <audioMemoryUsage>0</audioMemoryUsage>
        <instanceVertexBufferMemoryUsage>0</instanceVertexBufferMemoryUsage>
        <instanceIndexBufferMemoryUsage>0</instanceIndexBufferMemoryUsage>
	</storeData>
	<base>
		<typeDesc>$l10n_typeDesc_mower</typeDesc>
		<filename>Weedtrimmer.i3d</filename>
		<size width="1" length="2" lengthOffset="0"/>
		<components>
			<component centerOfMass="0 -0.2 0.05" solverIterationCount="10" mass="10"/>
		</components>
		<schemaOverlay attacherJointPosition="0 0" name="VEHICLE"/>
		<mapHotspot type="TOOL"/>
		<supportsRadio>false</supportsRadio>
		<supportsPickUp>true</supportsPickUp>
	</base>
	<wheels>
		<wheelConfigurations>
			<wheelConfiguration>
				<wheels autoRotateBackSpeed="10.0" speedDependentRotateBack="false">
					<wheel hasParticles="false" hasTireTracks="false">
						<physics tipOcclusionAreaGroupId="1" rotSpeed="1" restLoad="0.6" mass="0.01" repr="wheelFront" showSteeringAngle="false" radius="0.23" width="0.05" forcePointRatio="0.5" initialCompression="25" suspTravel="0.09" spring="2" damper="3" frictionScale="2.5"/>
						<tire tireTrackAtlasIndex="4"/>
					</wheel>
					<wheel hasParticles="false" hasTireTracks="false">
						<physics tipOcclusionAreaGroupId="1" rotSpeed="1" restLoad="0.6" mass="0.01" repr="Wheelfronts" showSteeringAngle="false" radius="0.23" width="0.05" forcePointRatio="0.5" initialCompression="25" suspTravel="0.09" spring="2" damper="3" frictionScale="2.5"/>
						<tire tireTrackAtlasIndex="4"/>
					</wheel>
					<wheel hasParticles="false" hasTireTracks="false">
						<physics tipOcclusionAreaGroupId="1" rotSpeed="1" restLoad="0.6" mass="0.01" repr="wheelBackLeft" showSteeringAngle="false" radius="0.23" width="0.05" forcePointRatio="0.5" initialCompression="25" suspTravel="0.09" spring="2" damper="3" frictionScale="2.5"/>
						<tire tireTrackAtlasIndex="4"/>
					</wheel>
					<wheel hasParticles="false" hasTireTracks="false">
						<physics tipOcclusionAreaGroupId="1" rotSpeed="1" restLoad="0.6" mass="0.01" repr="wheelBackRight" showSteeringAngle="false" radius="0.23" width="0.05" forcePointRatio="0.5" initialCompression="25" suspTravel="0.09" spring="2" damper="3" frictionScale="2.5"/>
						<tire tireTrackAtlasIndex="4"/>
					</wheel>
				</wheels>
			</wheelConfiguration>
		</wheelConfigurations>
		<ackermannSteeringConfigurations>
			<ackermannSteering rotSpeed="70" rotMax="60" rotCenter="0 0"/>
		</ackermannSteeringConfigurations>
	</wheels>
	<enterable isTabbable="true">
		<enterReferenceNode node="2"/>
		<exitPoint node="exitPoint"/>
		<cameras>
			<camera node="outdoorCamera1" rotatable="true" rotateNode="outdoorCameraTarget" limit="true" useWorldXZRotation="true" rotMinX="-1.4" rotMaxX="1" transMin="3" transMax="40" translation="0 0 3.5" rotation="-20 180 0">
				<raycastNode node="cameraRaycastNode1"/>
				<raycastNode node="cameraRaycastNode2"/>
				<raycastNode node="cameraRaycastNode3"/>
			</camera>
			<camera node="indoorCamera1" rotatable="true" limit="true" rotMinX="-1.1" rotMaxX="0.4" transMin="0" transMax="0" useMirror="true" isInside="false"/>
		</cameras>
		<characterNode node="skeleton" cameraMinDistance="1.5" spineRotation="-90 30 90" useAnimation="true"/>
		<enterAnimation name="enterAnimation"/>
	</enterable>
	<pushHandTool>
		<raycast node1="raycast01" node2="raycast02" playerNode="playerNode"/>
		<wheels front="1 2" back="3 4"/>
		<ikChains>
			<target ikChain="rightArm" targetNode="rightHand" poseId="wideFingers"/>
			<target ikChain="leftArm" targetNode="leftHand" poseId="wideFingers"/>
		</ikChains>
		<customChainLimits>
			<customChainLimit chainId="leftArm" nodeIndex="1" minRx="-40" maxRx="40" minRy="-130" maxRy="40" minRz="-70" maxRz="-30" localLimits="true"/>
			<customChainLimit chainId="leftArm" nodeIndex="2" minRx="-25" maxRx="25" minRy="-144" maxRy="3" minRz="0" maxRz="0" localLimits="true"/>
			<customChainLimit chainId="rightArm" nodeIndex="1" minRx="-40" maxRx="40" minRy="-130" maxRy="40" minRz="-70" maxRz="-30" localLimits="true"/>
			<customChainLimit chainId="rightArm" nodeIndex="2" minRx="-25" maxRx="25" minRy="-144" maxRy="3" minRz="0" maxRz="0" localLimits="true"/>
		</customChainLimits>
		<playerConditionalAnimation>
			<item id="idle" entryTransitionDuration="0.25" exitTransitionDuration="0.25">
				<clips>
					<clip clipName="idleSource"/>
				</clips>
				<conditions>
					<conditionGroup>
						<condition parameter="absSmoothedForwardVelocity" lower="0.2"/>
					</conditionGroup>
				</conditions>
			</item>
			<item id="walk" entryTransitionDuration="0.25" exitTransitionDuration="0.25">
				<clips speedScaleType="distance" speedScaleParameter="2">
					<clip clipName="walkFwdLoopSource"/>
				</clips>
				<conditions>
					<conditionGroup>
						<condition parameter="smoothedForwardVelocity" between="0.2, 4"/>
					</conditionGroup>
				</conditions>
			</item>
			<item id="walkBack" entryTransitionDuration="0.5" exitTransitionDuration="0.25">
				<clips speedScaleType="distance" speedScaleParameter="2">
					<clip clipName="walkBwdLoopSource"/>
				</clips>
				<conditions>
					<conditionGroup>
						<condition parameter="smoothedForwardVelocity" between="-3, -0.2"/>
					</conditionGroup>
				</conditions>
			</item>
		</playerConditionalAnimation>
	</pushHandTool>
	<motorized>
		<consumerConfigurations>
			<consumerConfiguration>
				<consumer fillUnitIndex="1" usage="3" fillType="diesel"/>
				<consumer fillUnitIndex="2" usage="9" fillType="def"/>
			</consumerConfiguration>
		</consumerConfigurations>
		<motorConfigurations>
			<motorConfiguration hp="10" price="0">
				<motor torqueScale="0.258" minRpm="850" maxRpm="2200" maxForwardSpeed="8" maxBackwardSpeed="5" brakeForce="0.1" lowBrakeForceScale="0.1">
					<torque normRpm="0.45" torque="0.9"/>
					<torque normRpm="0.5" torque="0.97"/>
					<torque normRpm="0.59" torque="1"/>
					<torque normRpm="0.72" torque="1"/>
					<torque normRpm="0.86" torque="0.88"/>
					<torque normRpm="1" torque="0.72"/>
				</motor>
				<transmission minForwardGearRatio="45.3" maxForwardGearRatio="250" minBackwardGearRatio="55" maxBackwardGearRatio="250"/>
			</motorConfiguration>
		</motorConfigurations>
		<motorStartDuration>2500</motorStartDuration>
		<sounds>
			<motorStart file="$data/sounds/tools/chainsaw/stihl/stihl_start.ogg">
				<pitch outdoor="0.9"/>
			</motorStart>
			<motor file="$data/sounds/tools/chainsaw/stihl/stihl_idle_loop.ogg" innerRadius="25">
				<pitch outdoor="0.9"/>
			</motor>
			<motorStop file="$data/sounds/tools/chainsaw/stihl/stihl_stop.ogg">
				<pitch outdoor="0.95"/>
			</motorStop>
		</sounds>
		<differentialConfigurations>
			<differentialConfiguration>
				<differentials>
					<differential torqueRatio="0.5" maxSpeedRatio="3.6" wheelIndex1="2" wheelIndex2="3"/>
				</differentials>
			</differentialConfiguration>
		</differentialConfigurations>
	</motorized>
	<fillUnit>
		<fillUnitConfigurations>
			<fillUnitConfiguration>
				<fillUnits>
					<fillUnit unitTextOverride="$l10n_unit_literShort" showOnHud="true" showInShop="true" fillTypes="diesel" capacity="10">
					</fillUnit>
					<fillUnit unitTextOverride="$l10n_unit_literShort" showOnHud="false" showInShop="false" showOnInfoHud="false" fillTypes="def" capacity="80">
					</fillUnit>
				</fillUnits>
			</fillUnitConfiguration>
		</fillUnitConfigurations>
	</fillUnit>
	<drivable>
		<idleTurning allowed="true" direction="1" maxSpeed="10" steeringFactor="100"/>
		<sounds>
			<waterSplash template="WATER_SPLASH_01" linkNode="0>"/>
		</sounds>
	</drivable>
	<animations>
		<animation name="enterAnimation">
			<part node="1" startTime="0" endTime="0.8" endRot="0 8 0" startRot="-22 0 0"/>
		</animation>
	</animations>
	<foliageBending>
		<bendingNode minX="-0.172" maxX="0.201" minZ="0.497" maxZ="0.895" yOffset="0.123"/>
	</foliageBending>
	<groundReferenceNodes>
		<groundReferenceNode node="GroundReferenceNode" threshold="0.2" onlyActiveWhenLowered="false"/>
	</groundReferenceNodes>
	<workAreas>
		<workArea type="mower" functionName="processMowerArea" disableBackwards="false">
			<area startNode="workAreaStart" widthNode="workAreaWidth" heightNode="workAreaHeight"/>
			<groundReferenceNode index="1"/>
			<mower dropWindrow="true" dropAreaIndex="2"/>
		</workArea>
		<workArea type="auxiliary">
			<area startNode="dropAreaStart" widthNode="dropAreaWidth" heightNode="dropAreaHeight"/>
		</workArea>
	</workAreas>
	<honk>
		<sound file="sounds/horn.ogg"/>
	</honk>
	<mower fruitTypeConverter="MOWER">
		<animationNodes>
			<animationNode node="blade" rotSpeed="-2500" rotAxis="2" turnOnFadeTime=".2" turnOffFadeTime="2"/>
		</animationNodes>
	</mower>
	<turnOnVehicle turnOffIfNotAllowed="true">
		<sounds>
			<start file="$data/sounds/tools/chainsaw/stihl/stihl_work_start.ogg">
				<pitch outdoor="1"/>
			</start>
			<work file="$data/sounds/tools/mower/mower_work_loop_01.ogg" innerRadius="25">
				<pitch outdoor="1"/>
			</work>
			<stop file="$data/sounds/tools/chainsaw/stihl/stihl_work_stop.ogg">
				<pitch outdoor="1"/>
			</stop>
		</sounds>
	</turnOnVehicle>
	<baseMaterial>
		<material name="trimmer" baseNode="trimmer">
			<shaderParameter name="colorMat4" value="VALTRA_BLUE1"/>
		</material>
	</baseMaterial>
	<baseMaterialConfigurations price="20" useDefaultColors="true" defaultColorIndex="1">
		<material name="trimmer" shaderParameter="colorMat4"/>
		<baseMaterialConfiguration name="STIHL BROWN" color="STIHL_BROWN" material="1" price="20"/>
		<baseMaterialConfiguration name="STIHL GREY" color="STIHL_GREY_1" material="1" price="20"/>
		<baseMaterialConfiguration name="STIHL MAGENTA" color="STIHL_MAGENTA1" material="1" price="20"/>
		<baseMaterialConfiguration name="STIHL ORANGE" color="STIHL_ORANGE_1" material="1" price="20"/>
		<baseMaterialConfiguration name="STIHL WHITE" color="STIHL_WHITE1" material="1" price="20"/>
	</baseMaterialConfigurations>
	<washable dirtDuration="90" washDuration="10" workMultiplier="2"/>
	<wearable wearDuration="240" workMultiplier="5" fieldMultiplier="2"/>
	<ai supportsAIJobs="false"/>
	<i3dMappings>
		<i3dMapping id="wheelFront" node="0>0|0"/>
		<i3dMapping id="wheelBackLeft" node="0>0|1"/>
		<i3dMapping id="wheelBackRight" node="0>0|2"/>
		<i3dMapping id="Wheelfronts" node="0>0|3"/>
		<i3dMapping id="trimmer" node="0>1|0"/>
		<i3dMapping id="blade" node="0>1|1"/>
		<i3dMapping id="exitPoint" node="0>2"/>
		<i3dMapping id="outdoorCameraTarget" node="0>3|0"/>
		<i3dMapping id="outdoorCamera1" node="0>3|0|0"/>
		<i3dMapping id="indoorCamera1" node="0>3|1|0"/>
		<i3dMapping id="cameraRaycastNode1" node="0>3|2"/>
		<i3dMapping id="cameraRaycastNode2" node="0>3|3"/>
		<i3dMapping id="cameraRaycastNode3" node="0>3|4"/>
		<i3dMapping id="GroundReferenceNode" node="0>4"/>
		<i3dMapping id="workAreaStart" node="0>5|0"/>
		<i3dMapping id="workAreaWidth" node="0>5|1"/>
		<i3dMapping id="workAreaHeight" node="0>5|2"/>
		<i3dMapping id="dropAreaStart" node="0>5|3"/>
		<i3dMapping id="dropAreaWidth" node="0>5|4"/>
		<i3dMapping id="dropAreaHeight" node="0>5|5"/>
		<i3dMapping id="playerNode" node="0>7|0"/>
		<i3dMapping id="skeleton" node="0>7|0|0"/>
		<i3dMapping id="leftHand" node="0>7|3"/>
		<i3dMapping id="rightHand" node="0>7|4"/>
		<i3dMapping id="raycast01" node="0>7|1"/>
		<i3dMapping id="raycast02" node="0>7|2"/>
	</i3dMappings>
</vehicle>