<?xml version="1.0" encoding="utf-8" standalone="no" ?>
<modDesc descVersion="63">
    <author>modelleicher (Farming Agency)</author>
    <version>1.0.0.0</version>
    <title>
        <de>Mehr Produktionen Möglich (120)</de>
		<en>More Productions Possible (120)</en>
    </title>
    <description>
        <de>
<![CDATA[Dieser Mod erhöht die maximale Anzahl an Produktionen die man auf einem Savegame platzieren kann. Standardmäßig sind maximal 60 Produktionen möglich, durch diesen Mod wird die Zahl auf 120 erhöht.
Hierbei gibt es natürlich zu bedenken dass das Limit nicht Grundlos gesetzt wurde und es durch sehr viele Produktionen vielleicht zu Performance-Einbrüchen kommen kann vor allem wenn alle auch gleichzeitig aktiv sind.
Wie weit man das auf einem entsprechenden Savegame treiben kann muss also jeder für sich selbst herausfinden.
]]>
        </de>
	<en>
<![CDATA[This mod raises the Limit of the max possible number of Productions placeable in a savegame. Default this number is set to a maximum of 60 Productions. With the help of this mod this Limit is raised to 120.
Note that the Limit isn't set without reason so increasing it and placing more Productions than intended might come with some performance drawbacks especially if all of those productions are actively producing stuff.
How many placeables are possible without negative effects are dependend on other factors within each savegame so you have to see for yourself.
]]>
	</en>

    </description>

	<iconFilename>icon.dds</iconFilename>
    <multiplayer supported="true"/>
	
    <extraSourceFiles>
        <sourceFile filename="productionsLimitIncreaser.lua"/>
    </extraSourceFiles>
	
</modDesc>