﻿<?xml version="1.0" encoding="utf-8" standalone="no" ?>
<modDesc descVersion="64">
  <author>ViperGTS96</author>
  <version>1.0.0.0</version> 
   
  <title>
    <en>Real Dirt Fix</en>
    <de>Realer Schmutz-Fix</de>
    <fr>Real Dirt Fix</fr>
    <es>Corrección De Suciedad Real</es>
    <it>Real Dirt Fix</it>
    <cz>Opravdová Oprava Spíny</cz>
    <pl>Naprawiono Brud</pl>
  </title>
    
  <description>
<en><![CDATA[Prevent rain, grass, and roads from cleaning your vehicle.

Recommended Mods: "Real Dirt Color"
Recommended Mods: "Real Dirt Color Tracks"]]></en>
<de><![CDATA[Verhindern Sie, dass Regen, Gras oder Straßen Ihr Fahrzeug reinigen.

Empfohlene Mods: "Echte Schmutzfarbe"
Empfohlene Mods: "Reale Farbschmutzfahrspuren"]]]></de>
<fr><![CDATA[Empêchez la pluie, l'herbe et les routes de nettoyer votre véhicule.

Mods recommandés: "Vraie Couleur De Terre"
Mods recommandés: "Pistes De Couleur En Terre Réelle"]]></fr>
<es><![CDATA[Evite que la lluvia, el césped y las carreteras limpien su vehículo.

Modificaciones recomendadas: "Color De Suciedad Real"
Modificaciones recomendadas: "Suciedad Real Color Tracks"]]></es>
<it><![CDATA[Impedisci a pioggia, erba e strade di pulire il tuo veicolo.

Mod consigliate: "Real Dirt Color"
Mod consigliate: "Tracce Di Colore Real Dirt"]]></it>
<cz><![CDATA[Vyvarujte se dešti, trávě a silnicím v čištění vozidla.

Doporučené režimy: "Real Dirt Colour"
Doporučené režimy: "Barevné Stopy Real Dirt"]]></cz>
<pl><![CDATA[Zapobiegaj czyszczeniu pojazdu przez deszcz, trawę i drogi.

Zalecane mody: „Real Dirt Color”
Zalecane mody: „Real Dirt Color Tracks”]]></pl>
  </description>

  <iconFilename>icon.dds</iconFilename>

  <multiplayer supported="true" />

  <extraSourceFiles>
    <sourceFile filename="src/realDirtFix.lua" />
  </extraSourceFiles>

</modDesc>