<?xml version="1.0" encoding="utf-8" standalone="no" ?>
<sounds xmlns:xsi="http://www.w3.org/2001/XMLSchema-instance" xsi:noNamespaceSchemaLocation="../../../../../shared/xml/schema/vehicle_sounds.xsd">

    <motorized>
        <sounds>
            <motor template="indoorCabinRumble" />
            <motor file="$data/vehicles/rigitrac/ske50/sounds/rigitrac_ske_50_electric_run_loop.wav" linkNode="0>" innerRadius="05" outerRadius="80.0" volumeScale="2.55">
                <volume indoor="0.52" outdoor="0.5" >
                    <modifier type="MOTOR_LOAD" value="0.5" modifiedValue="1.00" />
                    <modifier type="MOTOR_LOAD" value="0.7" modifiedValue="1.00" />
                    <modifier type="MOTOR_LOAD" value="1.0" modifiedValue="1.20" />
                    
                    <modifier type="SPEED" value="0.00" modifiedValue="0.00" />
                    <modifier type="SPEED" value="2.50" modifiedValue="0.25" />
                    <modifier type="SPEED" value="5.00" modifiedValue="0.80" />
                    <modifier type="SPEED" value="15.0" modifiedValue="1.00" />
                    <modifier type="SPEED" value="43.0" modifiedValue="1.20" />
                </volume>
                <pitch indoor="0.7" outdoor="0.7" >
                    <modifier type="SPEED" value="0.00" modifiedValue="0.25" />
                    <modifier type="SPEED" value="4.00" modifiedValue="0.75" />
                    <modifier type="SPEED" value="10.0" modifiedValue="0.90" />
                    <modifier type="SPEED" value="25.0" modifiedValue="1.00" />
                    <modifier type="SPEED" value="43.0" modifiedValue="1.20" />
                    
                    <modifier type="COMBINE_LOAD" value="0.00" modifiedValue="1.00" />
                    <modifier type="COMBINE_LOAD" value="1.00" modifiedValue="0.90" />
            
                    <modifier type="MOWER_LOAD" value="0.00" modifiedValue="1.00" />
                    <modifier type="MOWER_LOAD" value="1.00" modifiedValue="0.90" />
            
                    <modifier type="SUSPENSION" value="-1.0" modifiedValue="0.90" />
                    <modifier type="SUSPENSION" value="-0.5" modifiedValue="0.95" />
                    <modifier type="SUSPENSION" value="0" modifiedValue="1.0" />
                    <modifier type="SUSPENSION" value="0.5" modifiedValue="1.05" />
                    <modifier type="SUSPENSION" value="1.0" modifiedValue="1.10" />
                </pitch>
                <lowpassGain indoor="0.2" outdoor="1.0" />
            </motor>
            
            <motor file="$data/vehicles/rigitrac/ske50/sounds/engine_whistle_loop.wav" linkNode="0>" innerRadius="05" outerRadius="80.0" volumeScale="2.6">
                <volume indoor="0.22" outdoor="0.2" >
                    <modifier type="MOTOR_LOAD" value="0.5" modifiedValue="0.40" />
                    <modifier type="MOTOR_LOAD" value="0.7" modifiedValue="1.00" />
                    <modifier type="MOTOR_LOAD" value="1.0" modifiedValue="1.20" />
                    
                    <modifier type="SPEED" value="0.00" modifiedValue="0.00" />
                    <modifier type="SPEED" value="5.50" modifiedValue="0.00" />
                    <modifier type="SPEED" value="15.0" modifiedValue="0.50" />
                    <modifier type="SPEED" value="37.0" modifiedValue="1.00" />
                    <modifier type="SPEED" value="43.0" modifiedValue="0.75" />
                </volume>
                <pitch indoor="0.4" outdoor="0.4" >
                    <modifier type="SPEED" value="0.00" modifiedValue="0.25" />
                    <modifier type="SPEED" value="18.0" modifiedValue="1.00" />
                    <modifier type="SPEED" value="43.0" modifiedValue="1.70" />
                    
                    <modifier type="COMBINE_LOAD" value="0.00" modifiedValue="1.00" />
                    <modifier type="COMBINE_LOAD" value="1.00" modifiedValue="0.90" />
            
                    <modifier type="MOWER_LOAD" value="0.00" modifiedValue="1.00" />
                    <modifier type="MOWER_LOAD" value="1.00" modifiedValue="0.90" />
            
                    <modifier type="SUSPENSION" value="-1.0" modifiedValue="0.90" />
                    <modifier type="SUSPENSION" value="-0.05" modifiedValue="0.95" />
                    <modifier type="SUSPENSION" value="0" modifiedValue="1.0" />
                    <modifier type="SUSPENSION" value="0.05" modifiedValue="1.05" />
                    <modifier type="SUSPENSION" value="1.0" modifiedValue="1.10" />
                </pitch>
                <lowpassGain indoor="0.2" outdoor="1.0" />
            </motor>
            
            <motor file="$data/vehicles/rigitrac/ske50/sounds/engine_whistle_loop.wav" linkNode="0>" innerRadius="05" outerRadius="80.0" volumeScale="2.6">
                <volume indoor="0.22" outdoor="0.2" >
                    <modifier type="MOTOR_LOAD" value="0.5" modifiedValue="0.40" />
                    <modifier type="MOTOR_LOAD" value="0.7" modifiedValue="1.00" />
                    <modifier type="MOTOR_LOAD" value="1.0" modifiedValue="1.20" />
                    
                    <modifier type="SPEED" value="0.00" modifiedValue="0.00" />
                    <modifier type="SPEED" value="5.50" modifiedValue="0.00" />
                    <modifier type="SPEED" value="15.0" modifiedValue="0.50" />
                    <modifier type="SPEED" value="37.0" modifiedValue="1.00" />
                    <modifier type="SPEED" value="43.0" modifiedValue="0.75" />
                </volume>
                <pitch indoor="0.45" outdoor="0.45" >
                    <modifier type="SPEED" value="0.00" modifiedValue="0.25" />
                    <modifier type="SPEED" value="18.0" modifiedValue="1.00" />
                    <modifier type="SPEED" value="43.0" modifiedValue="1.80" />
                    
                    <modifier type="COMBINE_LOAD" value="0.00" modifiedValue="1.00" />
                    <modifier type="COMBINE_LOAD" value="1.00" modifiedValue="0.90" />
            
                    <modifier type="MOWER_LOAD" value="0.00" modifiedValue="1.00" />
                    <modifier type="MOWER_LOAD" value="1.00" modifiedValue="0.90" />
            
                    <modifier type="SUSPENSION" value="-1.0" modifiedValue="0.90" />
                    <modifier type="SUSPENSION" value="-0.05" modifiedValue="0.95" />
                    <modifier type="SUSPENSION" value="0" modifiedValue="1.0" />
                    <modifier type="SUSPENSION" value="0.05" modifiedValue="1.05" />
                    <modifier type="SUSPENSION" value="1.0" modifiedValue="1.10" />
                </pitch>
                <lowpassGain indoor="0.2" outdoor="1.0" />
            </motor>
        </sounds>
    </motorized>

    <lights>
        <sounds>
            <toggleLights template="SWITCH_01"  />
            <turnLight template="SWITCH_TURNLIGHT"  />
        </sounds>
    </lights>

    <attacherJoints>
        <sounds>
            <attach template="ATTACH_01" />
            <hydraulic template="defaultHydraulicSound" />
        </sounds>
    </attacherJoints>

    <drivable>
        <sounds>
            <waterSplash template="WATER_SPLASH_01" />
        </sounds>
    </drivable>

    <honk>
        <sound template="hornRigitracSke50" />
    </honk>

    
</sounds>
