﻿<?xml version="1.0" encoding="utf-8" standalone="no" ?>
<modDesc descVersion="64">
    <author>Dogface</author>
    <version>1.0.0.0</version>
    <title>
        <en>Root Crop Storage</en>
		<de>Lagerung Von Wurzelfrüchten</de>
		<fr>Stockage Des Cultures Racines</fr>
    </title>
    <description>
        <en>
            <![CDATA[This building is for storage of Potatoes and Beets. This building functions like a Silo or Hayloft, but for root crops. The building and conveyor belts are authentic to how root crops are actually stored.

Price: 100000 €
Capacity: 800000 l
Maintenance: 80 € / day
]]>
        </en>
        <de>
            <![CDATA[Dieses Gebäude dient zur Lagerung von Kartoffeln und Rüben. Dieses Gebäude funktioniert wie ein Silo oder Hayloft, jedoch für Wurzelfrüchte. Die Gebäude- und Transportbänder sind authentisch für die tatsächliche Lagerung der Wurzelfrüchte.

Preis: 100000 €
Fassungsvermögen: 800000 l
Wartung: 80 € / Tag
]]>
        </de>
        <fr>
            <![CDATA[Ce bâtiment sert au stockage des pommes de terre et des betteraves. Ce bâtiment fonctionne comme un silo ou un haltère, mais pour les plantes-racines. Les bandes de construction et de convoyage sont authentiques quant à la manière dont les plantes-racines sont réellement stockées.

Prix: 100000 €
Capacité: 800000 l
Entretien: 80 € / jour
]]>
        </fr>
    </description>	
    <iconFilename>icon_rootCropStorage.png</iconFilename>
    <multiplayer supported="true" />
    <storeItems>
        <storeItem xmlFilename="rootCropStorage.xml"/>
    </storeItems>	
    <l10n>
        <text name="function_rootStorage">
            <en>Storage Building for Beets and Potatoes.</en>
            <de>Lagergebäude für Rüben und Kartoffeln.</de>
            <fr>Bâtiment de stockage pour les betteraves et les pommes de terre.</fr>
        </text>
    </l10n>	
</modDesc>
