<?xml version="0.95" encoding="utf-8" standalone="no" ?>
<sounds xmlns:xsi="http://www.w3.org/2001/XMLSchema-instance" xsi:noNamespaceSchemaLocation="../../../../../shared/xml/schema/vehicle_sounds.xsd">
    <motorized>
        <sounds>
            <motorStart template="DEFAULT_MOTOR_START" file="sounds/amazoneProfihopper_start.wav" linkNode="0>">
                <volume indoor="0.95" outdoor="0.95"/>
                <lowpassGain indoor="1.0" outdoor="1.0"/>
            </motorStart>

            <motorStop template="DEFAULT_MOTOR_STOP" file="sounds/amazoneProfihopper_stop.wav" linkNode="0>">
                <volume indoor="0.95" outdoor="0.95"/>
                <lowpassGain indoor="1.0" outdoor="1.0"/>
            </motorStop>

            <motor template="DEFAULT_MOTOR_IDLE" file="sounds/amazoneProfihopper_idle.wav" linkNode="0>">
                <volume indoor="0.95" outdoor="0.95"/>
                <lowpassGain indoor="1.0" outdoor="1.0"/>
            </motor>

            <motor template="DEFAULT_MOTOR_RUN" file="sounds/amazoneProfihopper_idle.wav" linkNode="0>">
                <volume indoor="0.95" outdoor="0.95"/>
                <lowpassGain indoor="1.0" outdoor="1.0"/>
            </motor>
            <motor template="HARVESTER_MOTOR_ONLOAD_RUN" file="sounds/amazoneProfihopper_run.wav" linkNode="0>">
                <volume indoor="0.85" outdoor="0.85"/>
                <lowpassGain indoor="1.0" outdoor="1.0"/>
            </motor>

            <gearbox template="transmissionSmall"/>
        </sounds>
    </motorized>

    <lights>
        <sounds>
            <toggleLights template="SWITCH_01"  />
            <turnLight template="SWITCH_TURNLIGHT"  />
        </sounds>
    </lights>

    <drivable>
        <sounds>
            <waterSplash template="WATER_SPLASH_01" />
        </sounds>
    </drivable>

    <honk>
        <sound template="HONK_MANITOU" />
    </honk>

    <turnOnVehicle>
        <sounds>
            <start linkNode="profihopper_main_component1" template="DEFAULT_MOWER_START" file="sounds/amazoneProfihopper_mowerstart.wav">
                <volume indoor="1.0" outdoor="1.0"/>
                <lowpassGain indoor="1.0" outdoor="1.0"/>
            </start>
            <work linkNode="profihopper_main_component1" template="DEFAULT_MOWER_WORK" file="sounds/amazoneProfihopper_mowerwork.wav">
                <volume indoor="1.0" outdoor="1.0"/>
                <lowpassGain indoor="1.0" outdoor="1.0"/>
            </work>
            <stop linkNode="profihopper_main_component1" template="DEFAULT_MOWER_STOP" file="sounds/amazoneProfihopper_mowerstop.wav">
                <volume indoor="1.0" outdoor="1.0"/>
                <lowpassGain indoor="1.0" outdoor="1.0"/>
            </stop>
        </sounds>
    </turnOnVehicle>
</sounds>
