﻿<?xml version="1.0" encoding="utf-8" standalone="no" ?>
<modDesc descVersion="63">
    <author>kenny456, Ifko[nator], t0xic0m</author>
    <version>1.0.0.0</version>
	<title>
        <en>Wood Harvester Manual Cutting</en>
    </title>
	<description>
        <en>
<![CDATA[
With this mod the tree is not automatically cut after delimb. You need to press cut button again.
]]>
        </en>
        <de>
<![CDATA[
Bei diesem Mod wird der Baum nach der Entastung nicht automatisch geschnitten. Sie müssen die Schneidetaste erneut drücken.
]]>
        </de>
        <fr>
<![CDATA[
Avec ce mod, l'arbre n'est pas automatiquement coupé après l'ébranchage. Vous devez appuyer à nouveau sur le bouton de coupure.
]]>
        </fr>
	</description>
    <iconFilename>icon_manualCutting.dds</iconFilename>
	<multiplayer supported="true"/>
	<extraSourceFiles>
        <sourceFile filename="register.lua"/>
    </extraSourceFiles>
</modDesc>
