﻿<?xml version="1.0" encoding="utf-8" standalone="no" ?>
<modDesc descVersion="64">
    <author>TethysSaturn</author>

	<contributors>DickerSauerlaender</contributors>

    <version>1.0.0.0</version>

    <title>
        <en>Empty Pallets Production</en>
		<de>Leerpaletten Produktion</de>
    </title>

    <description>
        <en>
		<![CDATA[Empty Pallets Production
The carpenter can now also produce empty pallets.
These can then be used for further productions or sold directly at the carpentry.
The production times and yields are based on the standard productions. Empty Pallets can be sold directly in the production or in the additional sales point.

Price Production: 60,000 $
4 wood -> 40 empty pallets + 1.4 wood chips
5 boards -> 60 empty pallets + 1.1 wood chips

Price sales point: 1.000 $
]]>
		</en>
		
		<de>
		<![CDATA[Leerpalettenproduktion

Die Schreinerei kann jetzt auch Leerpaletten produzieren.
Diese können dann für weitere Produktionen genutzt oder direkt bei der Schreinerei verkauft werden.
Die Produktionszeiten und Erträge richten sich nach den Standardproduktionen. Leerpaletten können direkt in der Produktion oder im zusätzlich enthaltenen Verkauspunkt verkauft werden.

Preis Produktion: 60.000 €
4 Holz -> 40 Leerpaletten + 1.4 Hackschnitzel
5 Bretter -> 60 Leerpaletten + 1.1 Hackschnitzel

Preis Verkaufsstelle: 1.000 €

]]>
		</de>
    </description>

    <iconFilename>modIcon_carpenter.dds</iconFilename>

    <multiplayer supported="true" />

    <storeItems>
        <storeItem xmlFilename="xml/carpenterUS.xml"/>
		<storeItem xmlFilename="xml/productionSellPoint.xml"/>
		<storeItem xmlFilename="xml/EmptyPallet/EmptyPallet.xml"/>
		<storeItem xmlFilename="xml/EmptyPallet/EmptyPalletVoll.xml"/>
	</storeItems>
	
	<l10n filenamePrefix="l10n/modDesc_l10n"></l10n>

	<fillTypes filename="xml/maps_fillTypes.xml" />

</modDesc>
