<?xml version="1.0" encoding="UTF-8" standalone="yes" ?>
<l10n>
	<texts>
        <text name="HighestBidder" text=" ist höchstbietent mit "/>
		<text name="NotEnoughMoney" text="Die Farm hat nicht genügent Geld um zu bieten"/>
		<text name="Farm" text="Hof "/>
		<text name="Field" text="Feld "/>
		<text name="Sold" text="Das Land wurde verkauft: "/>
		<text name="EndInOneHour" text="Die Auktion endet in einer Stunde"/>
		<text name="KeyInfo" text="Drücke b um zu bieten "/>
		<text name="NewAuction" text="Neu Auktion auf "/>
		<text name="EndsLess" text=" endet in weniger als "/>
		<text name="Hours" text=" Stunden"/>
		<text name="AndWord" text=" und "/>
		<text name="Days" text=" Tagen"/>
		<text name="NoFieldsOnFarmland" text="einem Stück Land ohne Feld"/>
	</texts>
</l10n>