<?xml version="1.0" encoding="UTF-8" standalone="yes" ?>
<l10n>
	<texts>
        <text name="HighestBidder" text=" is the highest bidder with "/>
		<text name="NotEnoughMoney" text="Your Farm does not have enough Money to place a bid"/>
		<text name="Farm" text="Farm "/>
		<text name="Field" text="Field "/>
		<text name="Sold" text="The Field has been sold for "/>
		<text name="EndInOneHour" text="The auction will end in 1 hour"/>
		<text name="KeyInfo" text="Press b to bid "/>
		<text name="NewAuction" text="New Auction on "/>
		<text name="EndsLess" text=" ends in less than "/>
		<text name="Hours" text=" Hours"/>
		<text name="AndWord" text=" and "/>
		<text name="Days" text=" Days"/>
		<text name="NoFieldsOnFarmland" text="a farmland without any fields"/>
	</texts>
</l10n>