﻿<?xml version="1.0" encoding="utf-8" standalone="no" ?>
<modDesc descVersion="63">
    <author>Kasztan18</author>
    <version>1.0.0.0</version>

    <title>
        <en>Scooter</en>
        <de>Roller</de>
    </title>

    <description>
        <en>
            <![CDATA[
- Maximum speed: 30 km / h
- Power: 20 HP
- Price: 1500 € ]]>  
	    </en>
        <de>
            <![CDATA[
- Höchstgeschwindigkeit: 30 km / h
- Leistung: 20 PS
- Preis: 1500 € ]]>  
	    </de>
    </description>

    <iconFilename>icon_scooter.png</iconFilename>
    <multiplayer supported="true" />

   	<l10n>
		<text name="White"> 
		    <en>White</en>
			<de>Grau</de>
            <pl>Biały</pl>	
		</text>
		<text name="Black"> 
		    <en>Black</en>
			<de>Weiß</de>
            <pl>Czarny</pl>	
		</text>		
	</l10n>

    <storeItems>
        <storeItem xmlFilename="scooter.xml"/>
    </storeItems>

</modDesc>
