﻿<?xml version="1.0" encoding="utf-8" standalone="no" ?>
<vehicle type="carFillable">
    <annotation>Copyright (C) GIANTS Software GmbH, All Rights Reserved.</annotation>

    <storeData>
        <name>
            <en>Scooter</en>
		</name>
        <specs>
            <power>20</power>
            <maxSpeed>30</maxSpeed>
        </specs>
        <functions>
            <function>$l10n_function_car</function>
        </functions>
        <image>store_scooter.png</image>
        <price>1500</price>
        <lifetime>600</lifetime>
        <rotation>0</rotation>
        <brand>LIZARD</brand>
        <category>miscVehicles</category>
        <shopTranslationOffset>0 -0.025 0</shopTranslationOffset>
        <shopRotationOffset>0.3 0 0</shopRotationOffset>
        <vertexBufferMemoryUsage>256512</vertexBufferMemoryUsage>
        <indexBufferMemoryUsage>49920</indexBufferMemoryUsage>
        <textureMemoryUsage>851968</textureMemoryUsage>
        <audioMemoryUsage>0</audioMemoryUsage>
        <instanceVertexBufferMemoryUsage>0</instanceVertexBufferMemoryUsage>
        <instanceIndexBufferMemoryUsage>0</instanceIndexBufferMemoryUsage>
    </storeData>

    <base>
        <typeDesc>$l10n_typeDesc_car</typeDesc>
        <filename>scooter.i3d</filename>
        <size width="0.4" length="2" height="1.55"/>
        <sounds filename="sounds/scooter.xml" />
        <components count="1">
            <component centerOfMass="0 0.3 0" solverIterationCount="10" mass="50"/>
        </components>
        <schemaOverlay attacherJointPosition="0 0" name="CAR" />
        <mapHotspot type="CAR" />
    </base>

    <wheels>
        <wheelConfigurations>
             <wheelConfiguration name="$l10n_configuration_valueDefault" price="0">
                <wheels autoRotateBackSpeed="1.2">
                    <wheel hasParticles="false" hasTireTracks="false">
                        <physics tipOcclusionAreaGroupId="1" mass="0.01" rotSpeed="1" restLoad="0.6" repr="0>3" driveNode="0>3|0" radius="0.32" width="0.2" forcePointRatio="0.5" initialCompression="25" suspTravel="0.09" spring="1" damper="1" frictionScale="2.5" />
                        <tire tireTrackAtlasIndex="1" isCareWheel="true" />
                        <fender node="0>0|0|0" rotMax="22" />
                    </wheel>
					<wheel hasParticles="false" hasTireTracks="false">
                        <physics tipOcclusionAreaGroupId="1" mass="0.01" rotSpeed="1" restLoad="0.6" repr="0>4" driveNode="0>4|0" radius="0.32" width="0.2" forcePointRatio="0.5" initialCompression="25" suspTravel="0.09" spring="1" damper="1" frictionScale="2.5" />
                        <tire tireTrackAtlasIndex="1" isCareWheel="true" />
                        <fender node="0>0|0" rotMin="-22" />
                    </wheel>
                    <wheel hasParticles="false" hasTireTracks="false">
                        <physics tipOcclusionAreaGroupId="1" mass="0.01" rotSpeed="1" restLoad="0.6" repr="0>1" radius="0.32" width="0.2" forcePointRatio="0.5" initialCompression="25" suspTravel="0.09" spring="1" damper="1" frictionScale="2.5" />
                        <tire tireTrackAtlasIndex="1" isCareWheel="true" />
                    </wheel>
					<wheel hasParticles="false" hasTireTracks="false">
                        <physics tipOcclusionAreaGroupId="1" mass="0.01" rotSpeed="1" restLoad="0.6" repr="0>2" radius="0.32" width="0.2" forcePointRatio="0.5" initialCompression="25" suspTravel="0.09" spring="1" damper="1" frictionScale="2.5" />
                        <tire tireTrackAtlasIndex="1" isCareWheel="true" />
                    </wheel>
                </wheels>
            </wheelConfiguration>
        </wheelConfigurations>

        <ackermannSteeringConfigurations>
            <ackermannSteering rotSpeed="50" rotMax="35" rotCenterWheel1="3" rotCenterWheel2="4" />
        </ackermannSteeringConfigurations>
    </wheels>
	
    <dynamicallyLoadedParts>
        <dynamicallyLoadedPart node="1|0" linkNode="0>0|0|0|0|1|0|0" filename="wheels/wheels.i3d" />
        <dynamicallyLoadedPart node="1|0" linkNode="0>0|0|0|0|0"     filename="wheels/wheels.i3d" />
        <dynamicallyLoadedPart node="0|0" linkNode="0>0|0|0|0|1|0|0" filename="wheels/wheels.i3d" />
        <dynamicallyLoadedPart node="0|1" linkNode="0>0|0|0|0|0"     filename="wheels/wheels.i3d" />
    </dynamicallyLoadedParts>

    <lights>
        <states>
            <state lightTypes="0" />
        </states>

        <realLights>
            <low>
                <light node="0>0|0|0|0|1|0|7|1"      lightTypes="0" excludedLightTypes="2 3" />
                <light node="0>0|0|0|0|1|0|7|2"      lightTypes="3" />
            </low>
            <high>
                <light node="0>0|0|0|0|1|0|7|0"      lightTypes="0" excludedLightTypes="2 3" />
                <light node="0>0|0|0|0|8|0|0"        lightTypes="0"/>
                <light node="0>0|0|0|0|1|0|7|3"      lightTypes="3"/>
                <brakeLight node="0>0|0|0|0|8|0|0" />
            </high>
        </realLights>

        <defaultLights>
            <defaultLight shaderNode="0>0|0|0|0|1|0|6|0" lightTypes="0 3" />
            <defaultLight shaderNode="0>0|0|0|0|8|0|1|1" lightTypes="0" />
        </defaultLights>

        <brakeLights>
            <brakeLight shaderNode="0>0|0|0|0|8|0|1|1"/>
        </brakeLights>
    </lights>

	<speedRotatingParts>
        <speedRotatingPart node="0>0|0|0|0|1|0|0" radius="0.14" />
        <speedRotatingPart node="0>0|0|0|0|0"     radius="0.14" />
    </speedRotatingParts>

    <enterable isTabbable="true">
        <enterReferenceNode node="0>"/>
        <exitPoint node="0>5"/>
		
        <cameras count="2">
            <camera node="0>0|0|0|0|6|0|0" rotatable="true" rotateNode="0>0|0|0|0|6|0" limit="true" useWorldXZRotation="true" rotMinX="-1.4" rotMaxX="1" transMin="3.5" transMax="40" translation="0 0 5.75" rotation="-10 180 0">
                <raycastNode node="0>0|0|0|0|6|1"/>
                <raycastNode node="0>0|0|0|0|6|2"/>
            </camera>
            <camera node="0>0|0|0|0|6|3" rotatable="true" limit="true" rotMinX="-1.1" rotMaxX="0.4" transMin="0" transMax="0" useMirror="false" isInside="true" positionSmoothingParameter="0" shadowFocusBox="0>0|0|0|0|6|4"/>
        </cameras>

		<enterAnimation name="stopka"/>

        <characterNode node="0>0|0|0|0|7|0" cameraMinDistance="1" spineRotation="-90 0 90">
            <target ikChain="rightFoot" targetNode="0>0|0|0|0|7|2"/>
            <target ikChain="leftFoot" targetNode="0>0|0|0|0|7|1"/>
            <target ikChain="rightArm" targetNode="0>0|0|0|0|1|0|4" poseId="wideFingers"/>
            <target ikChain="leftArm" targetNode="0>0|0|0|0|1|0|3" poseId="wideFingers"/>
        </characterNode>
    </enterable>

    <drivable>
        <steeringWheel node="0>0|0|0|0|1|0" indoorRotation="35" outdoorRotation="35" />
        <dashboards>
            <dashboard displayType="ROT"     valueType="decelerationAxis" node="0>0|0|0|0|1|0|8|0" minRot="0 0 0" maxRot="0 19 0" doInterpolation="true" groups="MOTOR_ACTIVE"/>
        </dashboards>
    </drivable>

    <fillUnit>
        <fillUnitConfigurations>
            <fillUnitConfiguration>
                <fillUnits>
                    <!-- 5 kWh -->
                    <fillUnit unitTextOverride="$l10n_unit_kw" showOnHud="false" showInShop="false" fillTypes="ELECTRICCHARGE" capacity="5" >
                    </fillUnit>
                </fillUnits>
            </fillUnitConfiguration>
        </fillUnitConfigurations>
    </fillUnit>

    <dashboard>
        <groups>
            <group name="MOTOR_STARTING" isMotorStarting="true"/>
            <group name="MOTOR_ACTIVE"   isMotorStarting="true"  isMotorRunning="true"/>
        </groups>

        <default>
            <dashboard displayType="VISIBILITY" node="0>0|0|0|0|1|0|2|1" groups="MOTOR_ACTIVE" />
        </default>
    </dashboard>

    <motorized>
        <consumerConfigurations>
            <consumerConfiguration consumersEmptyWarning="$l10n_warning_motorBatteryEmpty">
                <consumer fillUnitIndex="1" usage="1" fillType="electricCharge" />
            </consumerConfiguration>
        </consumerConfigurations>
	
        <differentialConfigurations>
            <differentialConfiguration>
                <differentials>
                    <differential torqueRatio="0.5" maxSpeedRatio="1.6" wheelIndex1="1" wheelIndex2="2" /> <!-- front left-right -->
                    <differential torqueRatio="0.5" maxSpeedRatio="1.8" wheelIndex1="3" wheelIndex2="4" /> <!-- back left-right -->
                    <differential torqueRatio="0.5" maxSpeedRatio="1.4" differentialIndex1="1" differentialIndex2="2" /> <!-- front-back -->
                </differentials>
            </differentialConfiguration>
        </differentialConfigurations>
	
        <motorConfigurations>
            <motorConfiguration name="eScooter" hp="20" price="0">
                <motor torqueScale="0.088" minRpm="850" maxRpm="2200" maxForwardSpeed="31" maxBackwardSpeed="5" brakeForce="0.01" lowBrakeForceScale="0.22" accelerationLimit="4" dampingRateScale="0.2">
                    <torque normRpm="0.45" torque="0.9"/>
                    <torque normRpm="0.5" torque="0.97"/>
                    <torque normRpm="0.59" torque="1"/>
                    <torque normRpm="0.72" torque="1"/>
                    <torque normRpm="0.86" torque="0.88"/>
                    <torque normRpm="1" torque="0.72"/>
                </motor>
                <transmission minForwardGearRatio="5" maxForwardGearRatio="300" minBackwardGearRatio="32" maxBackwardGearRatio="300" name="$l10n_info_transmission_cvt" />
            </motorConfiguration>
            <motorConfiguration name="eScooter Tuned" hp="30" price="0">
                <motor torqueScale="0.132" minRpm="850" maxRpm="2200" maxForwardSpeed="31" maxBackwardSpeed="5" brakeForce="0.01" lowBrakeForceScale="0.22" accelerationLimit="4" dampingRateScale="0.2">
                    <torque normRpm="0.45" torque="0.9"/>
                    <torque normRpm="0.5" torque="0.97"/>
                    <torque normRpm="0.59" torque="1"/>
                    <torque normRpm="0.72" torque="1"/>
                    <torque normRpm="0.86" torque="0.88"/>
                    <torque normRpm="1" torque="0.72"/>
                </motor>
                <transmission minForwardGearRatio="5" maxForwardGearRatio="300" minBackwardGearRatio="32" maxBackwardGearRatio="300" name="$l10n_info_transmission_cvt" />
            </motorConfiguration>
        </motorConfigurations>
        <dashboards>
            <dashboard displayType="TEXT" valueType="speed" node="0>0|0|0|0|1|0|9" textSize="0.012" textMask="00.0" textColor="0.9 0.9 0.9 1" font="DIGIT" emissiveScale="0.5" groups="MOTOR_ACTIVE"/>
        </dashboards>
    </motorized>

    <animations>
		<animation name="stopka">			
            <part node="0>0|0|0|0|2" startTime="0" endTime="1" startRot="0 0 10"   endRot="90 0 10"/>
            <part node="0>0"         startTime="0" endTime="1" startRot="90 0 -11" endRot="90 0 0"/>
            <sound template="metalClose"  startTime="0.3"  direction="-1" volumeScale="1.4" pitchScale="1.4" linkNode="0>0"/>
            <sound template="metalOpen"   startTime="0.3"  direction="1"  volumeScale="1.6" pitchScale="0.8" linkNode="0>0"/>
        </animation>
    </animations>

    <ai>
        <agent width="0.4" length="1.7" height="1.55" lengthOffset="0.1" frontOffset="0.7" />
        <collisionTrigger node="0>0|0|0|0|4|0" width="2.5" height="2.4"/>
    </ai>

    <baseMaterial>
        <material name="hulajnug_mat" baseNode="0>0|0|0|0">
            <shaderParameter name="colorMat0" value="0.03 0.03 0.03 0"/>
            <shaderParameter name="colorMat4" value="0.03 0.03 0.03 0"/>
        </material>
    </baseMaterial> 

    <baseMaterialConfigurations useDefaultColors="false" defaultColorIndex="0">
        <baseMaterialConfiguration name="$l10n_Black" price="0" color="0.03 0.03 0.03"/>
        <baseMaterialConfiguration name="$l10n_White" price="0" color="0.5 0.5 0.5"/>
        <baseMaterialConfiguration name="$l10n_ui_colorChrome" price="300" color="SHARED_WHITE2" material="3"/>
        <material name="hulajnug_mat" shaderParameter="colorMat0"/>
        <material name="hulajnug_mat" shaderParameter="colorMat4"/>
    </baseMaterialConfigurations>

    <foliageBending>
        <bendingNode minX="-0.1" maxX="0.1" minZ="-1" maxZ="1" yOffset="0.3"/>
    </foliageBending>

    <wearable wearDuration="480" workMultiplier="5" fieldMultiplier="2"/>
    <washable dirtDuration="90" washDuration="1" workMultiplier="3" fieldMultiplier="2"/>

</vehicle>
