﻿<?xml version="1.0" encoding="utf-8" standalone="no" ?>
<modDesc descVersion="65">
    <author>johnwayne1930</author>
    <version>1.0.0.1</version>

	<title>
		<en>Pallet Storage And Logistics</en>
		<de>Palettenlager Und Logistik</de>
	</title>	
		
	<description>
<en><![CDATA[
The Pallet Storage and Logistics Warehouse enables you to store and distribute standard product pallets between your production buildings by using the standard production function.
Tired of a full greenhouse pallet spawn? Want to output all main products in one place?
Activate the option distribute in your production line and the pallets will be stored in the warehouse or distributed to other productions if needed.

Options for the warehouse products:
- distribute, to distribute the pallets into your production buildings.
- store, to unload the pallets on the trigger for further manual transportation or selling.
- sell, to auto direct sell the pallets on every full hour.

Be cautious on changing the options for products to the full hour, or you might sell by mistake.

Price: 50.000 $
Dayly upkeep: 60 $/day
Capacity: 100 pallets each
Eggs, Wool, Flour, Bread, Cake, Butter, Cheese, Fabric, Clothes, Sugar, Honey, Cereal, Sunflower Oil, Canola Oil, Olive Oil, Raisins, Grapejuice, Lettuce, Tomato, Strawberry, Chocolate, Boards, Furniture

Known bugs:
On pallet storing there is a rounding error in the game sometimes which loses one liter (1L) of the product.
In that case one pallet can no longer be unloaded but the remaining product can still be distributed or sold directly.

Changelog:
1.0.0.1
- update Mod/Store icon
- updated description
]]></en>
<de><![CDATA[
Die Palettenlager und Logistikhalle ermöglicht es Standard-Produktionspaletten zu lagern und zwischen den Produktionen zu verteilen. Die Halle verwendet die Standard-Produktionsfunktion.
Keine Lust mehr auf einen vollen Gewächshaus-Palettenspawn? Alle Hauptprodukte sollen auf einem gemeinsamen Punkt ausgelagert werden?
Stelle das Produkt aus einer Produktion auf Verteilen und es wird automatisch in diese Halle eingelagert bzw. bei Zwischenprodukten weiterverteilt wenn nötig.

Produkte in der Halle einstellen auf:
- Verteilen, um die Paletten automatisch zu verteilen.
- Behalten, um die Paletten in den Ausladebereich auszulagern um diese manuell zu verkaufen oder zu weiter zu transportieren.
- Verkaufen, um die Paletten zur vollen Stunde automatisch direkt zu verkaufen.

Vorsicht beim Verstellen der Produkteinstellung zur vollen Stunde, versehentliches verkaufen möglich.

Preis: 50.000 €
Unterhalt: 60 €/Tag
Kapazität: 100 Paletten jeweils
Eier, Wolle, Mehl, Brot, Kuchen, Butter, Käse, Stoff, Kleidung, Zucker, Honig, Müsli, Sonnenblumenöl, Rapsöl, Olivenöl, Rosinen, Traubensaft, Salat, Tomaten, Erdbeeren, Schokolade, Bretter, Möbel

Bekannte Probleme:
Beim Einlagern kann es vorkommen das durch einen Rundungsfehler im Spiel ein Liter (1L) vom Produkt verloren geht.
Ist das der Fall kann nur eine Palette weniger ausgelagert werden, das Produkt kann jedoch weiter verteilt oder  direkt verkauft werden.

Changelog:
1.0.0.1
- Update Mod/Store icon
- Beschreibung angepasst
]]></de>
	</description>

    <iconFilename>icon_storageLogistics.dds</iconFilename>
	
    <multiplayer supported="true" />

    <storeItems>
        <storeItem xmlFilename="storageLogistics.xml"/>
    </storeItems>
	
	<l10n>
        <text name="shopItem_storageLogistic"> <en>Pallet storage and logistics warehouse</en> <de>Palettenlager und Logistik Halle</de> </text>
        <text name="function_storageLogistic"> <en>Stores and distributes pallets</en> <de>Lagert und verteilt Paletten</de> </text>
	</l10n>
</modDesc>
