﻿<?xml version="1.0" encoding="utf-8" standalone="no" ?>
<modDesc descVersion="65">
    <author>Farmer_22</author>
    <version>1.0.0.0</version>
	
    <title>
      <en>Refrigerated Truck</en>
      <de>Kühltransporter</de>
      <fr>Camion Frigorifique</fr>
	</title>
	
  <description>
<en>
<![CDATA[Refrigerated truck to transport your fresh products.

Price: 22.500 $

Configurations:
- Main body color
- Secondary color
]]>
</en>
<de><![CDATA[Kühltransporter für den Transport ihrer frischen Produkte.

Preis: 22.500 €

Konfigurationen:
- Hauptfarbe
- Sekundärfarbe]]></de>
<fr>
<![CDATA[Camion Frigorifique pour transporter vos produit frais.

Prix: 22.500 €

Configurations:
- Couleur principale
- Couleur secondaire
]]>
</fr>
</description>

    <iconFilename>icon.png</iconFilename>
	<multiplayer supported="true" />
	
    <storeItems>
        <storeItem xmlFilename="RefrigeratedTruck.xml"/>
    </storeItems>
</modDesc>
