﻿<?xml version="1.0" encoding="utf-8" standalone="no" ?>
<vehicle type="car" xmlns:xsi="http://www.w3.org/2001/XMLSchema-instance" xsi:noNamespaceSchemaLocation="../../../../shared/xml/schema/vehicle.xsd">
    <annotation>Copyright (C) GIANTS Software GmbH, All Rights Reserved.</annotation>
    <storeData>
        <name>
			<en>Refrigerated Truck</en>
			<de>Kühltransporter</de>
			<fr>Camion Frigorifique</fr>	    
		</name> 
        <specs>
            <power>300</power>
            <maxSpeed>120</maxSpeed>
        </specs>
        <functions>
            <function>$l10n_function_car</function>
        </functions>
        <image>Store.dds</image>
        <price>22500</price>
        <lifetime>600</lifetime>
        <rotation>0</rotation>
        <brand>LIZARD</brand>
        <category>cars</category>
        <shopTranslationOffset>0 0 0</shopTranslationOffset>
        <shopRotationOffset>0.004 0 0</shopRotationOffset>
        <vertexBufferMemoryUsage>2230016</vertexBufferMemoryUsage>
        <indexBufferMemoryUsage>491520</indexBufferMemoryUsage>
        <textureMemoryUsage>3670016</textureMemoryUsage>
        <audioMemoryUsage>423704</audioMemoryUsage>
        <instanceVertexBufferMemoryUsage>0</instanceVertexBufferMemoryUsage>
        <instanceIndexBufferMemoryUsage>0</instanceIndexBufferMemoryUsage>
    </storeData>
	
    <base>
        <typeDesc>$l10n_typeDesc_car</typeDesc>
        <filename>RefrigeratedTruck.i3d</filename>
        <sounds filename="$data/vehicles/lizard/pickup2017/sounds/pickup2017.xml"/>
        <size width="3" length="7" height="2"/>
        <components>
            <component centerOfMass="0 0.4 0.5" solverIterationCount="10" mass="2200"/>
        </components>
        <schemaOverlay attacherJointPosition="0 0" name="CAR"/>
        <mapHotspot type="CAR"/>
    </base>
	
    <wheels>
        <wheelConfigurations>
			<wheelConfiguration name="$l10n_configuration_valueDefault" price="0" brand="CONTINENTAL" saveId="CONTINENTAL_DEFAULT02">
                <wheels autoRotateBackSpeed="2.3">
                    <wheel filename="$data/shared/wheels/tires/continental/terrainContactHT/265_65R17.xml" isLeft="true" hasTireTracks="true" hasParticles="true" configId="rimsCar02">
                        <physics rotSpeed="1" restLoad="0.6" repr="wheelFrontLeftRepr" driveNode="wheelFrontLeft" forcePointRatio="0.5" initialCompression="25" suspTravel="0.13" spring="17.5" damper="3" frictionScale="2.5" yOffset="-0.013"/>
                        <tire isCareWheel="false"/>
                    </wheel>
                    <wheel filename="$data/shared/wheels/tires/continental/terrainContactHT/265_65R17.xml" isLeft="false" hasTireTracks="true" hasParticles="true" configId="rimsCar02">
                        <physics rotSpeed="1" restLoad="0.6" repr="wheelFrontRightRepr" driveNode="wheelFrontRight" forcePointRatio="0.5" initialCompression="25" suspTravel="0.13" spring="17.5" damper="3" frictionScale="2.5" yOffset="-0.013"/>
                        <tire isCareWheel="false"/>
                    </wheel>
                    <wheel filename="$data/shared/wheels/tires/continental/terrainContactHT/245_65R17.xml" configId="bockmann" isLeft="true" hasTireTracks="true">
                        <physics restLoad="0.2" repr="wheelMediumLeft" radius="0.302" width="0.22" forcePointRatio="0.35" initialCompression="15" suspTravel="0.08" spring="40" damper="20" frictionScale="2.3" yOffset="-0.005"/>
                        <tire isCareWheel="false"/>
                        
                    </wheel>
                    <wheel filename="$data/shared/wheels/tires/continental/terrainContactHT/245_65R17.xml" configId="bockmann" isLeft="false" hasTireTracks="true">
                        <physics restLoad="0.2" repr="wheelMediumRight" radius="0.302" width="0.22" forcePointRatio="0.35" initialCompression="15" suspTravel="0.08" spring="40" damper="20" frictionScale="2.3" yOffset="-0.005"/>
                        <tire isCareWheel="false"/>
                    </wheel>
                    <wheel filename="$data/shared/wheels/tires/continental/terrainContactHT/245_65R17.xml" configId="bockmann" isLeft="true" hasTireTracks="true" hasParticles="true">
                        <physics restLoad="0.2" repr="wheelBackLeft" radius="0.302" width="0.22" forcePointRatio="0.35" initialCompression="15" suspTravel="0.08" spring="40" damper="20" frictionScale="2.3"/>
                        <tire isCareWheel="false"/>
                       
                    </wheel>
                    <wheel filename="$data/shared/wheels/tires/continental/terrainContactHT/245_65R17.xml" configId="bockmann" isLeft="false" hasTireTracks="true" hasParticles="true">
                        <physics restLoad="0.2" repr="wheelBackRight" radius="0.302" width="0.22" forcePointRatio="0.35" initialCompression="15" suspTravel="0.08" spring="40" damper="20" frictionScale="2.3"/>
                        <tire isCareWheel="false"/>
                    </wheel>
                </wheels>
            </wheelConfiguration>
        </wheelConfigurations>
        <ackermannSteeringConfigurations>
            <ackermannSteering rotSpeed="45" rotMax="45" rotCenterWheel1="3" rotCenterWheel2="4"/>
        </ackermannSteeringConfigurations>
    </wheels>
	
    <lights>
        <states>
            <state lightTypes="0"/>
        </states>
        <sharedLight linkNode="rearLight33_left" filename="$data/shared/assets/lights/lizard/rearLight33_left.xml"/>
        <sharedLight linkNode="rearLight33_right" filename="$data/shared/assets/lights/lizard/rearLight33_right.xml"/>
        <sharedLight linkNode="plateNumberLight02_01" filename="$data/shared/assets/lights/lizard/plateNumberLight02.xml"/>
        <sharedLight linkNode="plateNumberLight02_02" filename="$data/shared/assets/lights/lizard/plateNumberLight02.xml"/>
        <realLights>
            <low>
                <light node="frontLightLow" lightTypes="0" excludedLightTypes="3"/>
                <light node="highBeamLow" lightTypes="3"/>
            </low>
            <high>
                <light node="frontLightHigh" lightTypes="0 3" excludedLightTypes="3"/>
                <light node="licensePlateLightHigh" lightTypes="0"/>
                <light node="backLightsHigh1" lightTypes="0"/>
                <light node="highBeamHigh" lightTypes="3"/>
                <brakeLight node="backLightsHigh1"/>
                <turnLightLeft node="turnLightLeft01"/>
                <turnLightRight node="turnLightRight01"/>
                <reverseLight node="reverseLightHigh1"/>
                <interiorLight node="interiorScreenLight"/>  
            </high>
        </realLights>
        <defaultLights>
            <defaultLight shaderNode="frontLight01_static" lightTypes="0 3" intensity="15"/>
            <defaultLight shaderNode="frontLight01Glass_static" lightTypes="0 3" intensity="0.1"/>
            <defaultLight shaderNode="frontLight02_static" lightTypes="0" intensity="15"/>
            <defaultLight shaderNode="frontLight02Glass_static" lightTypes="0" intensity="15"/>
        </defaultLights>
		 <turnLights>
            <turnLightLeft shaderNode="turnlightLeft_static" intensity="15"/>
            <turnLightRight shaderNode="turnlightRight_static" intensity="15"/>
        </turnLights>
        <dashboards>
            <dashboard displayType="EMITTER" valueType="lightState" node="interior_decals" intensity="0.2" lightTypes="0" groups="MOTOR_ACTIVE"/>
            <dashboard displayType="EMITTER" valueType="lightState" node="steeringWheel_decals" intensity="0.2" lightTypes="0" groups="MOTOR_ACTIVE"/>
            <dashboard displayType="EMITTER" valueType="lightState" node="iconHazard_decals" intensity="0.2" lightTypes="0" groups="MOTOR_ACTIVE"/>
            <dashboard displayType="EMITTER" valueType="lightState" node="defaultLight_decal" intensity="0.2" lightTypes="0" baseColor="SHARED_BLACK2" emitColor="GREEN" groups="MOTOR_ACTIVE"/>
            <dashboard displayType="EMITTER" valueType="lightState" node="needleSpeed" intensity="0.2" lightTypes="0" groups="MOTOR_ACTIVE"/>
            <dashboard displayType="EMITTER" valueType="lightState" node="needleFuel" intensity="0.2" lightTypes="0" groups="MOTOR_ACTIVE"/>
            <dashboard displayType="EMITTER" valueType="lightState" node="needleRPM" intensity="0.2" lightTypes="0" groups="MOTOR_ACTIVE"/>
            <dashboard displayType="EMITTER" valueType="lightState" node="needleTemperature" intensity="0.2" lightTypes="0" groups="MOTOR_ACTIVE"/>
            <dashboard displayType="ROT" valueType="turnLight" node="leverTurnlight" minRot="0 0 -15" maxRot="0 0 15" doInterpolation="true"/>
            <dashboard displayType="EMITTER" valueType="turnLightHazard" node="iconHazard_decals" intensity="0.2"/>
            <dashboard displayType="EMITTER" valueType="turnLightHazard" node="buttonHazard" intensity="1"/>
            <dashboard displayType="EMITTER" valueType="turnLightLeft" node="turnLightLeft_decal" baseColor="SHARED_BLACK2" intensity="0.5"/>
            <dashboard displayType="EMITTER" valueType="turnLightRight" node="turnLightRight_decal" baseColor="SHARED_BLACK2" intensity="0.5"/>
        </dashboards>
    </lights>
	
    <licensePlates defaultPlacement="BOTH">
        <licensePlate node="licensePlateFront" position="FRONT" preferedType="ELONGATED" placementArea="0.10 0.22 0.10 0.22"/>
        <licensePlate node="licensePlateBack" position="BACK" preferedType="ELONGATED" placementArea="0.2 0.2 0.2 0.2"/>
    </licensePlates>
	
    <enterable isTabbable="true">
        <enterReferenceNode node="RefrigeratedTruck_main_component1"/>
        <exitPoint node="exitPoint"/>
        <cameras>
            <camera node="outdoorCamera" rotatable="true" rotateNode="outdoorCameraTarget" limit="true" useWorldXZRotation="true" rotMinX="-1.4" rotMaxX="1" transMin="4" transMax="40" translation="0 0 5.4" rotation="-17.5 180 0">
                <raycastNode node="cameraRaycastNode1"/>
                <raycastNode node="cameraRaycastNode2"/>
                <raycastNode node="cameraRaycastNode3"/>
            </camera>
            <camera node="indoorCamera" rotatable="true" limit="true" rotMinX="-1.1" rotMaxX="0.4" transMin="0" transMax="0" useMirror="true" isInside="true" positionSmoothingParameter="0" shadowFocusBox="shadowFocusBox"/>
        </cameras>
        <mirrors>
            <mirror node="mirrorLeft_decal" prio="1"/>
            <mirror node="mirrorRight_decal" prio="1"/>
            <mirror node="mirrorInterior_decal" prio="2"/>
        </mirrors>
        <characterNode node="playerSkin" cameraMinDistance="0.5" spineRotation="-90 0 90">
            <target ikChain="leftArm" targetNode="playerLeftHandTarget" poseId="narrowFingers"/>
            <target ikChain="rightArm" targetNode="playerRightHandTarget" poseId="wideFingers"/>
            <target ikChain="leftFoot" targetNode="playerLeftFootTarget"/>
            <target ikChain="rightFoot" targetNode="playerRightFootTarget"/>
        </characterNode>
        <characterTargetNodeModifier node="playerRightFootTarget" transitionTime="0.1">
            <state node="playerRightFootTargetGas" referenceNode="pedalGas"/>
            <state node="playerRightFootTargetBrake" referenceNode="pedalBrake"/>
        </characterTargetNodeModifier>
        <dashboards>
            <dashboard displayType="TEXT" valueType="time" node="numbersTime" textColor="1 1 1 1" textSize="0.007" textMask="00:00" font="DIGIT" textAlignment="CENTER" groups="MOTOR_ACTIVE"/>
        </dashboards>
    </enterable>
	
    <drivable>
        <steeringWheel node="steeringWheel" indoorRotation="540" outdoorRotation="50"/>
        <dashboards>
            <dashboard displayType="ROT" valueType="accelerationAxis" node="pedalGas" minRot="0 0 0" maxRot="-20 0 0" doInterpolation="true" groups="MOTOR_ACTIVE"/>
            <dashboard displayType="ROT" valueType="decelerationAxis" node="pedalBrake" minRot="0 0 0" maxRot="-20 0 0" doInterpolation="true" groups="MOTOR_ACTIVE"/>
        </dashboards>
    </drivable>
	
    <fillUnit>
        <fillUnitConfigurations>
            <fillUnitConfiguration>
                <fillUnits>
                    <fillUnit unitTextOverride="$l10n_unit_literShort" showOnHud="false" showInShop="false" fillTypes="diesel" capacity="120">
                        <dashboard displayType="ROT" valueType="fillLevel" node="needleFuel" minRot="120" maxRot="-5" rotAxis="3" doInterpolation="true" interpolationSpeed="0.3" groups="MOTOR_ACTIVE"/>
                    </fillUnit>
                </fillUnits>
            </fillUnitConfiguration>
        </fillUnitConfigurations>
    </fillUnit>
	
    <motorized statsType="car">
        <consumerConfigurations>
            <consumerConfiguration>
                <consumer fillUnitIndex="1" usage="45" fillType="diesel"/>
                <!-- usage is per hour at max load and max rpm -->
            </consumerConfiguration>
        </consumerConfigurations>
        <differentialConfigurations>
             <differentialConfiguration>
                <differentials>
                    <differential torqueRatio="0.5" maxSpeedRatio="1.4" wheelIndex1="3" wheelIndex2="4"/>
                    <!-- middle -->
                    <differential torqueRatio="0.5" maxSpeedRatio="1.4" wheelIndex1="5" wheelIndex2="6"/>
                    <!-- back -->
                    <differential torqueRatio="0.5" maxSpeedRatio="1.3" differentialIndex1="1" differentialIndex2="2"/>
                    <!-- middle-back -->
                    <differential torqueRatio="0.5" maxSpeedRatio="1.4" wheelIndex1="1" wheelIndex2="2"/>
                    <!-- front -->
                    <differential torqueRatio="0.5" maxSpeedRatio="1.4" differentialIndex1="3" differentialIndex2="4"/>
                    <!-- middle-front -->
                </differentials>
            </differentialConfiguration>
        </differentialConfigurations>
        <motorConfigurations>
            <motorConfiguration name="Pickup 2017" hp="300" price="0">
                <motor torqueScale="0.6" minRpm="1000" maxRpm="6000" maxForwardSpeed="120" maxBackwardSpeed="45" brakeForce="2.2" lowBrakeForceScale="0.22" dampingRateScale="0.4">
                    <torque rpm="1000" torque="0.9"/>
                    <torque rpm="2400" torque="1"/>
                    <torque rpm="3480" torque="1"/>
                    <torque rpm="4560" torque="0.75"/>
                    <torque rpm="5280" torque="0.63"/>
                    <torque rpm="6000" torque="0.2"/>
                </motor>
                <transmission autoGearChangeTime="1" gearChangeTime="0.4" name="$l10n_info_transmission_manual" axleRatio="25" startGearThreshold="0.3">
                    <directionChange useGear="true"/>
                    <backwardGear gearRatio="4.066" name="R"/>
                    <forwardGear gearRatio="4.784"/>
                    <forwardGear gearRatio="2.423"/>
                    <forwardGear gearRatio="1.443"/>
                    <forwardGear gearRatio="1.000"/>
                    <forwardGear gearRatio="0.826"/>
                    <forwardGear gearRatio="0.643"/>
                </transmission>
            </motorConfiguration>
        </motorConfigurations>
        <exhaustEffects>
            <exhaustEffect node="exhaustParticle" filename="$data/effects/exhaust/exhaust.i3d" minRpmColor="0.9 0.9 0.9 0.1" maxRpmColor="0.9 0.9 0.9 0.4" minRpmScale="0.02" maxRpmScale="0.1"/>
        </exhaustEffects>
        <motorStartDuration>3000</motorStartDuration>
        <dashboards>
            <dashboard displayType="ROT" valueType="speed" node="needleSpeed" minRot="0" maxRot="-115" rotAxis="3" doInterpolation="true" interpolationSpeed="10" groups="MOTOR_ACTIVE"/>
            <dashboard displayType="ROT" valueType="rpm" node="needleRPM" minRot="0" maxRot="-127" rotAxis="3" doInterpolation="true" interpolationSpeed="10" groups="MOTOR_ACTIVE"/>
            <dashboard displayType="ROT" valueType="motorTemperature" node="needleTemperature" minRot="60" maxRot="-60" rotAxis="3" doInterpolation="true" interpolationSpeed="10" groups="MOTOR_ACTIVE"/>
            <dashboard displayType="ROT" valueType="movingDirection" node="leverGears" minRot="11 0 0" maxRot="-11 0 0" doInterpolation="true" groups="MOTOR_ACTIVE"/>
        </dashboards>
    </motorized>
	
    <animations>
        <animation name="folding">
            <part node="doorLeft"  startTime="0.0" endTime="2.0" startRot="0 0 0" endRot="0 -245 0" />
            <part node="doorRight" startTime="0.0" endTime="2.0" startRot="0 0 0" endRot="0 245 0" />

            <sound template="hingeMedium"     startTime="0.1"  direction="1"  volumeScale="0.6" pitchScale="0.8" />
            <sound template="hingeMedium"     startTime="1.8"  direction="-1" volumeScale="0.6" pitchScale="0.7" />
            <sound template="metalDoorsOpen"  startTime="1.99" direction="1"  volumeScale="0.5" pitchScale="1"/>
            <sound template="metalDoorsClose" startTime="0.1"  direction="-1" volumeScale="0.9" pitchScale="1"/>
            <sound template="clackVar6"       startTime="0.1"  direction="-1" volumeScale="0.5" pitchScale="1.1"/>
            <sound template="thudVar2"        startTime="0.1"  direction="-1" volumeScale="0.6" pitchScale="2"/>
            <sound template="clackVar4"       startTime="0.1"  direction="-1" volumeScale="0.6" pitchScale="3"/>
            <sound template="metalOpen"       startTime="0.01" direction="1"  volumeScale="0.5" pitchScale="3"/>
        </animation>
        <animation name="wipers">
            <part node="wiperLeft" startTime="0" endTime="1" startRot="0 0 0" endRot="0 -16 90"/>
            <part node="wiperRight" startTime="0" endTime="1" startRot="0 0 0" endRot="0 -11 83"/>
            <sound template="wiper1" startTime="0" endTime="1" direction="1" volumeScale="1" pitchScale="0.7" fadeOut="0.1" linkNode="wiperLeft"/>
            <sound template="wiper2" startTime="0" endTime="1" direction="-1" volumeScale="1" pitchScale="0.7" fadeOut="0.1" linkNode="wiperRight"/>
        </animation>
    </animations>
	
    <wipers>
        <wiper animName="wipers">
            <state animSpeed="1.2" animPause="2.0"/>
            <state animSpeed="1.2" animPause="0.0"/>
            <state animSpeed="1.8" animPause="0.0"/>
        </wiper>
    </wipers>
	
    <foldable>
        <foldingConfigurations>
            <foldingConfiguration>
                <foldingParts startMoveDirection="-1" dynamicMountMaxLimit="0">
                    <foldingPart animationName="folding" speedScale="0.75"/>
                </foldingParts>
            </foldingConfiguration>
        </foldingConfigurations>
    </foldable>
	
    <cylindered>
        <movingTools>
            <movingTool node="wheelFrontLeftRepr">
                <dependentPart node="lowerLinkLeft"/>
                <dependentPart node="springLeft"/>
            </movingTool>
            <movingTool node="wheelFrontRightRepr">
                <dependentPart node="lowerLinkRight"/>
                <dependentPart node="springRight"/>
            </movingTool>
        </movingTools>
        <movingParts>
            <movingPart node="lowerLinkLeft" referencePoint="lowerLinkLeftRef" referenceFrame="lowerLinkLeftRef" isActiveDirty="true" maxUpdateDistance="30"/>
            <movingPart node="lowerLinkRight" referencePoint="lowerLinkRightRef" referenceFrame="lowerLinkRightRef" isActiveDirty="true" maxUpdateDistance="30"/>
            <movingPart node="springLeft" referencePoint="springLeftRef" referenceFrame="springLeftRef" isActiveDirty="true" maxUpdateDistance="30" scaleZ="true"/>
            <movingPart node="springRight" referencePoint="springRightRef" referenceFrame="springRightRef" isActiveDirty="true" maxUpdateDistance="30" scaleZ="true"/>
        </movingParts>
    </cylindered>
	
    <suspensions>
        <suspension useCharacterTorso="true" weight="90" minRotation="0 -5 -5" maxRotation="0 5 5" suspensionParametersY="7 1" suspensionParametersZ="7 1"/>
    </suspensions>
	
    <dashboard>
        <groups>
            <group name="MOTOR_STARTING" isMotorStarting="true"/>
            <group name="MOTOR_ACTIVE" isMotorStarting="true" isMotorRunning="true"/>
        </groups>
        <default>
            <dashboard displayType="EMITTER" node="display_decals" idleValue="0" intensity="0.1" baseColor="SHARED_BLACK2" groups="MOTOR_ACTIVE"/>
            <dashboard displayType="EMITTER" node="dashboard_decals" idleValue="0" intensity="0.1" baseColor="SHARED_BLACK2" groups="MOTOR_ACTIVE"/>
            <dashboard displayType="EMITTER" node="dayTimeLight_static" idleValue="0" intensity="10" groups="MOTOR_ACTIVE"/>
        </default>
    </dashboard>
	
    <ai>
        <agent width="2.05" length="5.5" height="1.85" lengthOffset="1.35" frontOffset="3.09"/>
        <collisionTrigger node="aiCollisionNode" width="2.4" height="1.8"/>
    </ai>
	
    <foliageBending>
        <bendingNode minX="-1" maxX="1" minZ="-2.75" maxZ="2.65" yOffset="0.4"/>
    </foliageBending>
	
    <baseMaterial>
        <material name="pickup2017_mat" baseNode="pickup2017_vis">
            <shaderParameter name="colorMat0" value="0.8550 0.8550 0.8550 0"/>
        </material>
		<material name="kk301827H_mat" baseNode="kk301827H_vis">
            <shaderParameter name="colorMat0" value="0.8550 0.8550 0.8550 0"/>
        </material>
    </baseMaterial>
	
    <baseMaterialConfigurations price="1000" useDefaultColors="true">
		<baseMaterialConfigurations name="l10n_ui_colorWhite" color="0.8550 0.8550 0.8550 0"/>
        <material name="pickup2017_mat" shaderParameter="colorMat0"/>
    </baseMaterialConfigurations>
	
	<designMaterialConfigurations price="500" useDefaultColors="true" >
		<designMaterialConfiguration name="l10n_ui_colorWhite" color="0.8550 0.8550 0.8550 0"/>
		<material name="kk301827H_mat" shaderParameter="colorMat0"/>
    </designMaterialConfigurations>
	
    <rimColorConfigurations useDefaultColors="false">
        <rimColorConfiguration name="$l10n_ui_colorChrome" color="SHARED_WHITE2" material="3" price="0"/>
    </rimColorConfigurations>
	
    <wearable wearDuration="480" workMultiplier="5" fieldMultiplier="2"/>
    <washable dirtDuration="90" washDuration="1" workMultiplier="3" fieldMultiplier="2"/>

    <i3dMappings>
        <i3dMapping id="RefrigeratedTruck_main_component1" node="0>"/> 
        <i3dMapping id="pickup2017_vis" node="0>0"/>
        <i3dMapping id="wheelFrontLeftRepr" node="0>0|0|0|0"/>
        <i3dMapping id="wheelFrontLeft" node="0>0|0|0|0|0|0"/>
        <i3dMapping id="lowerLinkLeftRef" node="0>0|0|0|0|1"/>
        <i3dMapping id="wheelFrontRightRepr" node="0>0|0|1|0"/>
        <i3dMapping id="wheelFrontRight" node="0>0|0|1|0|0|0"/>
        <i3dMapping id="wheelMediumLeft" node="0>0|0|2" />
        <i3dMapping id="wheelMediumRight" node="0>0|0|3" />
        <i3dMapping id="wheelBackLeft" node="0>0|0|4" />
        <i3dMapping id="wheelBackRight" node="0>0|0|5" />
        <i3dMapping id="lowerLinkRightRef" node="0>0|0|1|0|1"/>
        <i3dMapping id="outdoorCameraTarget" node="0>0|1|0"/>
        <i3dMapping id="outdoorCamera" node="0>0|1|0|0"/>
        <i3dMapping id="indoorCamera" node="0>0|1|1"/>
        <i3dMapping id="cameraRaycastNode1" node="0>0|1|2"/>
        <i3dMapping id="cameraRaycastNode2" node="0>0|1|3"/>
        <i3dMapping id="cameraRaycastNode3" node="0>0|1|4"/>    
        <i3dMapping id="rearLight33_left" node="0>0|2|0|4"/>
        <i3dMapping id="rearLight33_right" node="0>0|2|0|5"/>
        <i3dMapping id="plateNumberLight02_01" node="0>0|2|0|6"/>
        <i3dMapping id="plateNumberLight02_02" node="0>0|2|0|7"/>		
        <i3dMapping id="dayTimeLight_static" node="0>0|2|1|3"/>
        <i3dMapping id="frontLight01_static" node="0>0|2|1|4"/>
        <i3dMapping id="frontLight01Glass_static" node="0>0|2|1|5"/>
        <i3dMapping id="frontLight02_static" node="0>0|2|1|6"/>
        <i3dMapping id="frontLight02Glass_static" node="0>0|2|1|7"/>
        <i3dMapping id="turnlightLeft_static" node="0>0|2|1|8"/>
        <i3dMapping id="turnlightRight_static" node="0>0|2|1|9"/>
        <i3dMapping id="frontLightLow" node="0>0|2|2|0"/>
        <i3dMapping id="highBeamLow" node="0>0|2|2|1"/>
        <i3dMapping id="frontLightHigh" node="0>0|2|2|2"/>
        <i3dMapping id="highBeamHigh" node="0>0|2|2|3"/>
        <i3dMapping id="interiorScreenLight" node="0>0|2|2|4"/>
        <i3dMapping id="licensePlateLightHigh" node="0>0|2|2|5"/>
        <i3dMapping id="backLightsHigh1" node="0>0|2|3|0"/>
        <i3dMapping id="turnLightLeft01" node="0>0|2|4|0"/>
        <i3dMapping id="turnLightRight01" node="0>0|2|4|1"/>
        <i3dMapping id="reverseLightHigh1" node="0>0|2|5|0"/>      
        <i3dMapping id="exitPoint" node="0>0|3"/>
        <i3dMapping id="exhaustParticle" node="0>0|4"/>
        <i3dMapping id="licensePlateFront" node="0>0|5"/>
        <i3dMapping id="licensePlateBack" node="0>0|6"/>
        <i3dMapping id="lowerLinkLeft" node="0>0|7|0|0"/>
        <i3dMapping id="springLeftRef" node="0>0|7|0|0|0"/>
        <i3dMapping id="springLeft" node="0>0|7|0|1"/>
        <i3dMapping id="lowerLinkRight" node="0>0|7|1|0"/>
        <i3dMapping id="springRightRef" node="0>0|7|1|0|0"/>
        <i3dMapping id="springRight" node="0>0|7|1|1"/>
		<i3dMapping id="doorRight" node="0>0|7|2"/>
        <i3dMapping id="doorLeft" node="0>0|7|3"/>      
        <i3dMapping id="steeringWheel" node="0>0|8|0|0"/>
        <i3dMapping id="playerLeftHandTarget" node="0>0|8|0|0|0"/>
        <i3dMapping id="steeringWheel_decals" node="0>0|8|0|0|1"/>
        <i3dMapping id="playerSkin" node="0>0|8|1"/>
        <i3dMapping id="wiperLeft" node="0>0|8|2|0|0"/>
        <i3dMapping id="wiperRight" node="0>0|8|2|1|0"/>
        <i3dMapping id="needleFuel" node="0>0|8|3|0|0"/>
        <i3dMapping id="needleRPM" node="0>0|8|3|1|0"/>
        <i3dMapping id="needleSpeed" node="0>0|8|3|2|0"/>
        <i3dMapping id="needleTemperature" node="0>0|8|3|3|0"/>
        <i3dMapping id="leverTurnlight" node="0>0|8|3|4|0"/>
        <i3dMapping id="leverGears" node="0>0|8|3|5|0"/>
        <i3dMapping id="playerRightHandTarget" node="0>0|8|3|5|0|0"/>
        <i3dMapping id="numbersTime" node="0>0|8|3|6"/>
        <i3dMapping id="buttonHazard" node="0>0|8|3|7"/>
        <i3dMapping id="iconHazard_decals" node="0>0|8|3|8"/>
        <i3dMapping id="turnLightLeft_decal" node="0>0|8|3|9"/>
        <i3dMapping id="turnLightRight_decal" node="0>0|8|3|10"/>
        <i3dMapping id="defaultLight_decal" node="0>0|8|3|11"/>
        <i3dMapping id="gearR_decal" node="0>0|8|3|12"/>
        <i3dMapping id="gearN_decal" node="0>0|8|3|13"/>
        <i3dMapping id="gearD_decal" node="0>0|8|3|14"/>
        <i3dMapping id="pedalGas" node="0>0|8|4|0"/>
        <i3dMapping id="playerRightFootTargetGas" node="0>0|8|4|0|0"/>
        <i3dMapping id="pedalBrake" node="0>0|8|4|1"/>
        <i3dMapping id="playerRightFootTargetBrake" node="0>0|8|4|1|0"/>
        <i3dMapping id="playerLeftFootTarget" node="0>0|8|5|0"/>
        <i3dMapping id="playerRightFootTarget" node="0>0|8|5|1"/>
        <i3dMapping id="mirrorLeft_decal" node="0>0|8|6|0"/>
        <i3dMapping id="mirrorRight_decal" node="0>0|8|6|1"/>
        <i3dMapping id="mirrorInterior_decal" node="0>0|8|6|2"/>
        <i3dMapping id="shadowFocusBox" node="0>0|8|7"/>
        <i3dMapping id="aiCollisionNode" node="0>0|11|0"/>
        <i3dMapping id="interior_decals" node="0>0|13|0"/>
        <i3dMapping id="display_decals" node="0>0|13|1"/>
        <i3dMapping id="dashboard_decals" node="0>0|13|2"/>		
        <i3dMapping id="kk301827H_vis" node="0>0|13|3"/>  
    </i3dMappings>
</vehicle>
