﻿<?xml version="1.0" encoding="utf-8" standalone="no"?>
<modDesc descVersion="64">
    <author>Macktrucker921</author>
    <version>1.0.0.1</version>
    <title>
        <en>Tree Sapling Pack</en>
		<de>Baumsetzling-Paket</de>
		<fr>Pack De Jeunes Arbres</fr>
    </title>
    <description>
    <en>
<![CDATA[Have you wanted to buy only  a few tree saplings and don't need a large quantity?
This pack gives you the choice of pallets with 6, 40, 60, or 120 tree saplings to choose from.
If you wanted to plant only a few Oak trees, Maple trees, etc. and don't need or want to waste a lot of money on a full pallet of them, you can choose the 6 sapling pallet.
If you want to plant a complete forest of Spruce trees, Pine trees, etc. choose the 120 sapling pallet or anything in between.
Keep in mind, the more you buy, the more you save buy buying in bulk!

- Price for 6 saplings: $250
- Price for 40 saplings: $1500
- Price for 60 saplings: $2000
- Price for 120 saplings: $3500
- Added decals to the pallet showing tree type so no more guessing what you already purchased.

Changelog 1.0.0.1:
- Added ability to purchace in quantities of 6, 40, and 60 saplings.
]]>
    </en>
    <de>
<![CDATA[Sie wollten nur wenige Baumsetzlinge kaufen und benötigen keine große Menge?
Dieses Paket gibt Ihnen die Wahl zwischen Paletten mit 6, 40, 60 oder 120 Baumsetzlingen zur Auswahl.
Wenn Sie nur ein paar Eichen, Ahornbäume usw. pflanzen wollten und nicht viel Geld für eine volle Palette davon brauchen oder verschwenden möchten, können Sie die 6er Setzlingspalette wählen.
Wenn Sie einen kompletten Wald aus Fichten, Kiefern usw. pflanzen möchten, wählen Sie die Palette mit 120 Bäumchen oder irgendetwas dazwischen.
Denken Sie daran, je mehr Sie kaufen, desto mehr sparen Sie beim Kauf in großen Mengen!

- Preis für 6 Setzlinge: 250 €
- Preis für 40 Setzlinge: 1500 €
- Preis für 60 Setzlinge: 2000 €
- Preis für 120 Setzlinge: 3500 €
- Die Palette wurde mit Aufklebern versehen, die den Baumtyp anzeigen, damit man nicht mehr raten muss, was man bereits gekauft hat.

Changelog 1.0.0.1:
- Es wurde die Möglichkeit hinzugefügt, Setzlinge in Mengen von 6, 40 und 60 Stück zu kaufen.
]]>
    </de>
    <fr>
<![CDATA[Avez-vous voulu acheter seulement quelques plants d'arbres et n'avez-vous pas besoin d'une grande quantité ?
Ce pack vous donne le choix de palettes avec 6, 40, 60 ou 120 jeunes arbres au choix.
Si vous vouliez planter seulement quelques chênes, érables, etc. et que vous n'avez pas besoin ou que vous ne voulez pas gaspiller beaucoup d'argent sur une palette complète, vous pouvez choisir la palette de 6 jeunes arbres.
Si vous souhaitez planter une forêt complète d'épinettes, de pins, etc., choisissez la palette de 120 jeunes arbres ou n'importe quoi entre les deux.
N'oubliez pas que plus vous achetez, plus vous économisez en achetant en gros !

- Prix pour 6 jeunes arbres : 250 €
- Prix pour 40 jeunes plants : 1500€
- Prix pour 60 jeunes plants : 2000€
- Prix pour 120 plants : 3500€
- Ajout de décalcomanies à la palette indiquant le type d'arbre afin de ne plus deviner ce que vous avez déjà acheté.

Changelog 1.0.0.1:
- Ajout de la possibilité d'acheter en quantités de 6, 40 et 60 jeunes arbres.
]]>
    </fr>
    </description>

    <iconFilename>icon_treeSaplingPallets.png</iconFilename>
    <multiplayer supported="true"/>

    <storeItems>
        <storeItem xmlFilename="treeSaplingPallet6.xml" rootNode="vehicle"/>
		<storeItem xmlFilename="treeSaplingPallet40.xml" rootNode="vehicle"/>
		<storeItem xmlFilename="treeSaplingPallet60.xml" rootNode="vehicle"/>
		<storeItem xmlFilename="treeSaplingPallet120.xml" rootNode="vehicle"/>
    </storeItems>
	
	<l10n>
		<text name="treeType_spruce2"><en>Spruce Type 2</en><de>Fichte Typ 2 </de><fr>Epicéa Type 2</fr></text>
		<text name="fillType_treeSaplings6"><en>Pallet of 6 tree saplings</en><de>Palette mit 6 Baumsetzlingen</de><fr>Palette de 6 jeunes arbres</fr></text>
		<text name="fillType_treeSaplings40"><en>Pallet of 40 tree saplings</en><de>Palette mit 40 Baumsetzlingen</de><fr>Palette de 40 jeunes arbres</fr></text>
		<text name="fillType_treeSaplings60"><en>Pallet of 60 tree saplings</en><de>Palette mit 60 Baumsetzlingen</de><fr>Palette de 60 jeunes arbres</fr></text>
		<text name="fillType_treeSaplings120"><en>Pallet of 120 tree saplings</en><de>Palette mit 120 Baumsetzlingen</de><fr>Palette de 120 jeunes arbres</fr></text>
    </l10n>	

</modDesc>