<?xml version="1.0" encoding="utf-8" standalone="no" ?>
<vehicle type="treeSaplingPallet" xmlns:xsi="http://www.w3.org/2001/XMLSchema-instance" xsi:noNamespaceSchemaLocation="../../../../shared/xml/schema/vehicle.xsd">
    <annotation>Copyright (C) GIANTS Software GmbH, All Rights Reserved.</annotation>

    <storeData>
        <name>$l10n_fillType_treeSaplings6</name>
        <functions>
            <function>$l10n_function_saplingPallet</function>
        </functions>
        <specs>
            <capacity unitTextOverride="$l10n_unit_pieces">6</capacity>
            <fillTypes>treeSaplings</fillTypes>
            <weight ignore="true"/>
        </specs>
        <image>store_treeSaplingPallets.png</image>
        <price>250</price>
        <allowLeasing>false</allowLeasing>
        <canBeSold>false</canBeSold>
        <rotation>0</rotation>
        <brand>LIZARD</brand>
        <category>pallets</category>
        <financeCategory>PURCHASE_SAPLINGS</financeCategory>
        <shopHeight>2.5</shopHeight>

        <storeIconRendering>
            <settings cameraXRot="-15" cameraYRot="35" />
        </storeIconRendering>
        <audioMemoryUsage>0</audioMemoryUsage>
        <vertexBufferMemoryUsage>52224</vertexBufferMemoryUsage>
        <indexBufferMemoryUsage>6912</indexBufferMemoryUsage>
        <textureMemoryUsage>6356992</textureMemoryUsage>
        <instanceVertexBufferMemoryUsage>0</instanceVertexBufferMemoryUsage>
        <instanceIndexBufferMemoryUsage>0</instanceIndexBufferMemoryUsage>
    </storeData>

    <base>
        <filename>treeSaplingPallet.i3d</filename>
        <size width="1.6" length="1.2" height="2.7"/>
        <canBeReset>false</canBeReset>
        <supportsPickUp>true</supportsPickUp>
        <input allowed="false"/>
        <components maxMass="850">
            <component centerOfMass="0 0.1 0" solverIterationCount="10" mass="280" />
        </components>
        <showInVehicleMenu>false</showInVehicleMenu>
        <mapHotspot available="false" />
    </base>

    <treeSaplingPallet>
        <treeSaplingTypeConfigurations>
            <treeSaplingTypeConfiguration treeType="spruce1" name="$l10n_treeType_spruce">
			<objectChange node="spruce1Decal" visibilityActive="true" visibilityInactive="false" />
			</treeSaplingTypeConfiguration>
			<treeSaplingTypeConfiguration treeType="spruce2" name="$l10n_treeType_spruce2">
			<objectChange node="spruce2Decal" visibilityActive="true" visibilityInactive="false" />
			</treeSaplingTypeConfiguration>
            <treeSaplingTypeConfiguration treeType="pine" name="$l10n_treeType_pine">
			<objectChange node="pineDecal" visibilityActive="true" visibilityInactive="false" />
			</treeSaplingTypeConfiguration>
            <treeSaplingTypeConfiguration treeType="stonePine" name="$l10n_treeType_stonePine">
			<objectChange node="stonePineDecal" visibilityActive="true" visibilityInactive="false" />
			</treeSaplingTypeConfiguration>
            <treeSaplingTypeConfiguration treeType="birch" name="$l10n_treeType_birch">
			<objectChange node="birchDecal" visibilityActive="true" visibilityInactive="false" />
			</treeSaplingTypeConfiguration>
            <treeSaplingTypeConfiguration treeType="oak" name="$l10n_treeType_oak">
			<objectChange node="oakDecal" visibilityActive="true" visibilityInactive="false" />
			</treeSaplingTypeConfiguration>
            <treeSaplingTypeConfiguration treeType="willow1" name="$l10n_treeType_willow">
			<objectChange node="willowDecal" visibilityActive="true" visibilityInactive="false" />
			</treeSaplingTypeConfiguration>
            <treeSaplingTypeConfiguration treeType="maple" name="$l10n_treeType_maple">
			<objectChange node="mapleDecal" visibilityActive="true" visibilityInactive="false" />
			</treeSaplingTypeConfiguration>
            <treeSaplingTypeConfiguration treeType="pagodaDogwood" name="$l10n_treeType_pagodaDogwood">
			<objectChange node="pagodaDogwoodDecal" visibilityActive="true" visibilityInactive="false" />
			</treeSaplingTypeConfiguration>
            <treeSaplingTypeConfiguration treeType="shagbarkHickory" name="$l10n_treeType_shagbarkHickory">
			<objectChange node="shagbarkHickoryDecal" visibilityActive="true" visibilityInactive="false" />
			</treeSaplingTypeConfiguration>
            <treeSaplingTypeConfiguration treeType="americanElm" name="$l10n_treeType_americanElm">
			<objectChange node="americanElmDecal" visibilityActive="true" visibilityInactive="false" />
			</treeSaplingTypeConfiguration>
            <treeSaplingTypeConfiguration treeType="cypress" name="$l10n_treeType_cypress">
			<objectChange node="cypressDecal" visibilityActive="true" visibilityInactive="false" />
			</treeSaplingTypeConfiguration>
            <treeSaplingTypeConfiguration treeType="downyServiceberry" name="$l10n_treeType_downyServiceberry">
			<objectChange node="downyServiceberryDecal" visibilityActive="true" visibilityInactive="false" />
			</treeSaplingTypeConfiguration>
        </treeSaplingTypeConfigurations>

        <saplingNodes>
            <saplingNode node="sapling01"/>
            <saplingNode node="sapling03"/>
            <saplingNode node="sapling05"/>
            <saplingNode node="sapling11"/>
            <saplingNode node="sapling13"/>
            <saplingNode node="sapling15"/>

        </saplingNodes>
    </treeSaplingPallet>

    <fillUnit>
        <fillUnitConfigurations>
            <fillUnitConfiguration>
                <fillUnits removeVehicleIfEmpty="true">
                    <fillUnit unitTextOverride="$l10n_unit_literShort" fillTypes="TREESAPLINGS" capacity="6" startFillType="TREESAPLINGS" startFillLevel="6" ignoreFillLimit="true">
                        <exactFillRootNode node="exactFillRootNode" />
                    </fillUnit>
                </fillUnits>
            </fillUnitConfiguration>
        </fillUnitConfigurations>
    </fillUnit>

    <dischargeable requiresTipOcclusionArea="false" />

    <dynamicMount triggerNode="dynamicMountTrigger" triggerForceAcceleration="6" jointTransY="0.11" jointLimitToRotY="true"/>

    <tensionBeltObject>
        <meshNodes>
            <meshNode node="pallet_vis"/>
            <meshNode node="tensionBeltShape"/>
        </meshNodes>
    </tensionBeltObject>

    <i3dMappings>
        <i3dMapping id="treeSaplingPallet_component1" node="0>" />
        <i3dMapping id="pallet_vis" node="0>0" />
        <i3dMapping id="dynamicMountTrigger" node="0>0|0" />
        <i3dMapping id="treeSaplingsBox" node="0>0|1" />
        <i3dMapping id="tensionBeltShape" node="0>0|1|0" />
        <i3dMapping id="sapling01" node="0>0|1|1|0" />
        <i3dMapping id="sapling02" node="0>0|1|1|1" />
        <i3dMapping id="sapling03" node="0>0|1|1|2" />
        <i3dMapping id="sapling04" node="0>0|1|1|3" />
        <i3dMapping id="sapling05" node="0>0|1|1|4" />
        <i3dMapping id="sapling06" node="0>0|1|1|5" />
        <i3dMapping id="sapling07" node="0>0|1|1|6" />
        <i3dMapping id="sapling08" node="0>0|1|1|7" />
        <i3dMapping id="sapling09" node="0>0|1|1|8" />
        <i3dMapping id="sapling10" node="0>0|1|1|9" />
        <i3dMapping id="sapling11" node="0>0|1|1|10" />
        <i3dMapping id="sapling12" node="0>0|1|1|11" />
        <i3dMapping id="sapling13" node="0>0|1|1|12" />
        <i3dMapping id="sapling14" node="0>0|1|1|13" />
        <i3dMapping id="sapling15" node="0>0|1|1|14" />
        <i3dMapping id="sapling16" node="0>0|1|1|15" />
        <i3dMapping id="sapling17" node="0>0|1|1|16" />
        <i3dMapping id="sapling18" node="0>0|1|1|17" />
        <i3dMapping id="sapling19" node="0>0|1|1|18" />
        <i3dMapping id="sapling20" node="0>0|1|1|19" />
		<i3dMapping id="sapling21" node="0>0|1|2|0" />
        <i3dMapping id="sapling22" node="0>0|1|2|1" />
        <i3dMapping id="sapling23" node="0>0|1|2|2" />
        <i3dMapping id="sapling24" node="0>0|1|2|3" />
        <i3dMapping id="sapling25" node="0>0|1|2|4" />
        <i3dMapping id="sapling26" node="0>0|1|2|5" />
        <i3dMapping id="sapling27" node="0>0|1|2|6" />
        <i3dMapping id="sapling28" node="0>0|1|2|7" />
        <i3dMapping id="sapling29" node="0>0|1|2|8" />
        <i3dMapping id="sapling30" node="0>0|1|2|9" />
        <i3dMapping id="sapling31" node="0>0|1|2|10" />
        <i3dMapping id="sapling32" node="0>0|1|2|11" />
        <i3dMapping id="sapling33" node="0>0|1|2|12" />
        <i3dMapping id="sapling34" node="0>0|1|2|13" />
        <i3dMapping id="sapling35" node="0>0|1|2|14" />
        <i3dMapping id="sapling36" node="0>0|1|2|15" />
        <i3dMapping id="sapling37" node="0>0|1|2|16" />
        <i3dMapping id="sapling38" node="0>0|1|2|17" />
        <i3dMapping id="sapling39" node="0>0|1|2|18" />
        <i3dMapping id="sapling40" node="0>0|1|2|19" />
		<i3dMapping id="sapling41" node="0>0|1|3|0" />
        <i3dMapping id="sapling42" node="0>0|1|3|1" />
        <i3dMapping id="sapling43" node="0>0|1|3|2" />
        <i3dMapping id="sapling44" node="0>0|1|3|3" />
        <i3dMapping id="sapling45" node="0>0|1|3|4" />
        <i3dMapping id="sapling46" node="0>0|1|3|5" />
        <i3dMapping id="sapling47" node="0>0|1|3|6" />
        <i3dMapping id="sapling48" node="0>0|1|3|7" />
        <i3dMapping id="sapling49" node="0>0|1|3|8" />
        <i3dMapping id="sapling50" node="0>0|1|3|9" />
        <i3dMapping id="sapling51" node="0>0|1|3|10" />
        <i3dMapping id="sapling52" node="0>0|1|3|11" />
        <i3dMapping id="sapling53" node="0>0|1|3|12" />
        <i3dMapping id="sapling54" node="0>0|1|3|13" />
        <i3dMapping id="sapling55" node="0>0|1|3|14" />
        <i3dMapping id="sapling56" node="0>0|1|3|15" />
        <i3dMapping id="sapling57" node="0>0|1|3|16" />
        <i3dMapping id="sapling58" node="0>0|1|3|17" />
        <i3dMapping id="sapling59" node="0>0|1|3|18" />
        <i3dMapping id="sapling60" node="0>0|1|3|19" />
		<i3dMapping id="sapling61" node="0>0|1|4|0" />
        <i3dMapping id="sapling62" node="0>0|1|4|1" />
        <i3dMapping id="sapling63" node="0>0|1|4|2" />
        <i3dMapping id="sapling64" node="0>0|1|4|3" />
        <i3dMapping id="sapling65" node="0>0|1|4|4" />
        <i3dMapping id="sapling66" node="0>0|1|4|5" />
        <i3dMapping id="sapling67" node="0>0|1|4|6" />
        <i3dMapping id="sapling68" node="0>0|1|4|7" />
        <i3dMapping id="sapling69" node="0>0|1|4|8" />
        <i3dMapping id="sapling70" node="0>0|1|4|9" />
        <i3dMapping id="sapling71" node="0>0|1|4|10" />
        <i3dMapping id="sapling72" node="0>0|1|4|11" />
        <i3dMapping id="sapling73" node="0>0|1|4|12" />
        <i3dMapping id="sapling74" node="0>0|1|4|13" />
        <i3dMapping id="sapling75" node="0>0|1|4|14" />
        <i3dMapping id="sapling76" node="0>0|1|4|15" />
        <i3dMapping id="sapling77" node="0>0|1|4|16" />
        <i3dMapping id="sapling78" node="0>0|1|4|17" />
        <i3dMapping id="sapling79" node="0>0|1|4|18" />
        <i3dMapping id="sapling80" node="0>0|1|4|19" />
		<i3dMapping id="sapling81" node="0>0|1|5|0" />
        <i3dMapping id="sapling82" node="0>0|1|5|1" />
        <i3dMapping id="sapling83" node="0>0|1|5|2" />
        <i3dMapping id="sapling84" node="0>0|1|5|3" />
        <i3dMapping id="sapling85" node="0>0|1|5|4" />
        <i3dMapping id="sapling86" node="0>0|1|5|5" />
        <i3dMapping id="sapling87" node="0>0|1|5|6" />
        <i3dMapping id="sapling88" node="0>0|1|5|7" />
        <i3dMapping id="sapling89" node="0>0|1|5|8" />
        <i3dMapping id="sapling90" node="0>0|1|5|9" />
        <i3dMapping id="sapling91" node="0>0|1|5|10" />
        <i3dMapping id="sapling92" node="0>0|1|5|11" />
        <i3dMapping id="sapling93" node="0>0|1|5|12" />
        <i3dMapping id="sapling94" node="0>0|1|5|13" />
        <i3dMapping id="sapling95" node="0>0|1|5|14" />
        <i3dMapping id="sapling96" node="0>0|1|5|15" />
        <i3dMapping id="sapling97" node="0>0|1|5|16" />
        <i3dMapping id="sapling98" node="0>0|1|5|17" />
        <i3dMapping id="sapling99" node="0>0|1|5|18" />
        <i3dMapping id="sapling100" node="0>0|1|5|19" />
		<i3dMapping id="sapling101" node="0>0|1|6|0" />
        <i3dMapping id="sapling102" node="0>0|1|6|1" />
        <i3dMapping id="sapling103" node="0>0|1|6|2" />
        <i3dMapping id="sapling104" node="0>0|1|6|3" />
        <i3dMapping id="sapling105" node="0>0|1|6|4" />
        <i3dMapping id="sapling106" node="0>0|1|6|5" />
        <i3dMapping id="sapling107" node="0>0|1|6|6" />
        <i3dMapping id="sapling108" node="0>0|1|6|7" />
        <i3dMapping id="sapling109" node="0>0|1|6|8" />
        <i3dMapping id="sapling110" node="0>0|1|6|9" />
        <i3dMapping id="sapling111" node="0>0|1|6|10" />
        <i3dMapping id="sapling112" node="0>0|1|6|11" />
        <i3dMapping id="sapling113" node="0>0|1|6|12" />
        <i3dMapping id="sapling114" node="0>0|1|6|13" />
        <i3dMapping id="sapling115" node="0>0|1|6|14" />
        <i3dMapping id="sapling116" node="0>0|1|6|15" />
        <i3dMapping id="sapling117" node="0>0|1|6|16" />
        <i3dMapping id="sapling118" node="0>0|1|6|17" />
        <i3dMapping id="sapling119" node="0>0|1|6|18" />
        <i3dMapping id="sapling120" node="0>0|1|6|19" />
        <i3dMapping id="exactFillRootNode" node="0>0|2" />
		<i3dMapping id="spruce1Decal" node="0>1|0" />
		<i3dMapping id="spruce2Decal" node="0>1|1" />
		<i3dMapping id="americanElmDecal" node="0>1|2" />
		<i3dMapping id="birchDecal" node="0>1|3" />
		<i3dMapping id="cypressDecal" node="0>1|4" />
		<i3dMapping id="downyServiceberryDecal" node="0>1|5" />
		<i3dMapping id="mapleDecal" node="0>1|6" />
		<i3dMapping id="oakDecal" node="0>1|7" />
		<i3dMapping id="pagodaDogwoodDecal" node="0>1|8" />
		<i3dMapping id="shagbarkHickoryDecal" node="0>1|9" />
		<i3dMapping id="stonePineDecal" node="0>1|10" />
		<i3dMapping id="willowDecal" node="0>1|11" />
		<i3dMapping id="pineDecal" node="0>1|12" />
    </i3dMappings>
</vehicle>
