<?xml version="1.0" encoding="utf-8" standalone="no"?>
<modDesc descVersion="64">
    <author>erShaba</author>
	
    <version>1.0.0.0</version>
	
    <title>
        <en>AutoLoad IT-Runner Platform</en>
        <de>AutoLoad IT-Runner Plattform</de>
        <es>Plataforma IT-Runner Autocargable</es>
    </title>
	
    <description>
        <en><![CDATA[For automatic loading of pallets.


------------------AutoLoad Platform For Factories Pallets------------------
Use this platform exclusively for fast loading and transport
the pallets of the factories. Remember to lower the platform to the ground to load the pallets, this
you don't need to sell them.

- Price: € 3,600.-
- Capacity: 34,000 liters.
- Configuratios for color

------------------AutoLoad Platform For Pallets With Barrels------------------
Use this iT-Runner platform exclusively for fast and easy loading and transport
drum pallets for fertilizers, herbicides, diesel and water. With capacity for 9 pallets of 1,500 liters each.

- Price: € 4,200.-
- Capacity: 13,500 liters.
- Configuratios for color.

Works with the Phoenix IT-Runner Edition and IT Runner Pack.]]></en>
        <de><![CDATA[Zum automatischen Laden von Paletten.


------------------AutoLoad Plattform Für Fabrikpaletten------------------
Verwenden Sie diese Plattform ausschließlich zum schnellen Laden und Transportieren
der Paletten von den Fabriken. Denken Sie daran, die Plattform auf den Boden abzusenken, um die Paletten zu laden
Sie müssen sie nicht verkaufen.

- Preis: 3.600,- €
- Fassungsvermögen: 34.000 Liter.
- Konfigurationen für Farbwahl

------------------AutoLoad Platform für Paletten und Fässer------------------
Verwenden Sie diese Plattform ausschließlich zum schnellen Laden und Transportieren
Für Dünger, Saatgut, Pflanzenschutz, Diesel und Wasser, es passen 9 Paletten mit jeweils 1.500 Litern darauf.

- Preis: 4.200,- €
- Fassungsvermögen: 13.500 Liter.
- Konfigurationen für Farbwahl.

Funktioniert mit dem Phoenix IT-Runner Edition und dem IT Runner Pack.]]></de>
        <es><![CDATA[Pack de Plataformas IT-Runner para carga automática de pallets.

------------------Plataforma Autocargable Para Pallets de Fábricas------------------
Utiliza esta plataforma exclusivamente para cargar y transportar rápidamente
los pallets de las fábricas. Recuerda bajar la plataforma al suelo para cargar los pallet, esto
no es necesario para venderlos.

-Precio: 3.600 €
-Capacidad: 34.000 litros.
-Configuración de color.

------------------Plataforma Autocargable Para Pallets De Bidones------------------
Utiliza esta plataforma iT-Runner exclusivamente para cargar y transportar rápida y facilmente 
los pallets de bidones para fertilizantes, herbicidas, diesel, aditivo de ensilaje y agua. Con capacidad para 9 pallets de 1.500 litros cada uno.

-Precio: 4.200 €
-Capacidad: 13.500 litros.
-Configuración de color.

Funciona con Phoenix ITRunner Edition y IT Runner Pack.]]></es>
    </description>
	
    <iconFilename>icon_plataforma.png</iconFilename>
	
    <multiplayer supported="true"/>
	
	<vehicleTypes>
        <type name="hookLiftFLC1" parent="baseTipper" className="Vehicle" filename="$dataS/scripts/vehicles/Vehicle.lua">
            <specialization name="hookLiftContainer"/>
			<specialization name="fillTriggerVehicle"/>
        </type>
        <type name="hookLiftPB" parent="baseTipper" className="Vehicle" filename="$dataS/scripts/vehicles/Vehicle.lua">
            <specialization name="fillTriggerVehicle"/>
            <specialization name="hookLiftContainer"/>
        </type>
    </vehicleTypes>
	
    <storeItems>
        <storeItem xmlFilename="plataforma.xml"/>
        <storeItem xmlFilename="plataformabidones.xml"/>
    </storeItems>

    <brands>
        <brand name="ITRUNNER" title="IT Runner" image="texturas/brand_itrunner.png"/>
    </brands>

    <l10n>
        <text name="shopItem_plataforma">
            <en>AutoLoad Platform for Factory Pallets.</en>
            <de>AutoLoad-Plattform für Fabrikpaletten.</de>
            <es>Plataforma Autocargable para Palets de Fábricas.</es>
        </text>
        <text name="function_hookLiftFLC1">
            <en>Platform for pallets with AutoLoad system. You can easily transport all the products produced in the factories. We can only use this platform with trailers or hook trucks. Products: Cheese, Fresh Cheese, Barrels and BioDiesel.</en>
            <de>Plattform für Paletten mit AutoLoad-System. Sie können problemlos alle in den Fabriken hergestellten Produkte transportieren.Wir können diese Plattform nur mit Anhängern oder Hakenwagen nutzen. Produkte: Käse, Frischkäse, Fässer und BioDiesel.</de>
            <es>Plataforma para pallets con sistema AutoLoad. Podrás transportar facilmente todos los productos producidos en las fábricas. Esta plataforma solo la podremos utilizar con los remolques o camiones de gancho. Productos: Queso, Queso Fresco, Barriles y BioDiesel.</es>
        </text>
        <text name="shopItem_plataformabidones">
            <en>Drum Platform</en>
            <de>Fassplattform</de>
            <es>Plataforma para Bidones</es>
        </text>
        <text name="function_hookLiftPB">
            <en>Drum pallet platform with AutoLoad system. You can easily load and transport the Liquid Fertilizer, Herbicide, Diesel and Water. This platform can only be used with trailers or hook trucks.</en>
            <de>Fass Palettenplattform mit AutoLoad-System. Sie können Flüssigdünger, Herbizid, Diesel und Wasser problemlos laden und transportieren. Diese Plattform kann nur mit einem Hakenlift verwendet werden.</de>
            <es>Plataforma para pallets de Bidones con sistema AutoLoad. Podrás cargar y transportar facilmente el Fertilizante Liquido, Herbicida, Diesel y Agua. Esta plataforma solo la podremos utilizar con los remolques o camiones de gancho.</es>
        </text>
		<text name="polishMetal">		
			<en>POLISHED METAL</en>
			<de>Poliertes Metal</de>
            <es>Metal Pulido</es>
		</text>
		<text name="satinBlack">		
			<en>Matt black</en>
			<de>Mattschwarz</de>
            <es>Negro Mate</es>
		</text>
		<text name="satinBlue">		
			<en>Matte Blue</en>
			<de>Mattblau</de>
            <es>Azul Mate</es>
		</text>
		<text name="satinRed">		
			<en>Matte Red</en>
			<de>Mattrot</de>
            <es>Rojo Mate</es>
		</text>
		<text name="satinOrange">		
			<en>Matte Orange</en>
			<de>Matt-Orange</de>
            <es>Naranja Mate</es>
		</text>
		<text name="satinGreen">		
			<en>Matte Green</en>
			<de>Mattgrün</de>
            <es>Verde Mate</es>
		</text>
		<text name="satinWhite">		
			<en>Matte white</en>
			<de>Mattweiß</de>
            <es>Blanco Mate</es>
		</text>
		<text name="satinYellow">		
			<en>Matte John Deere Yellow</en>
			<de>Mattgelb 2</de>
            <es>Amarillo John Deere Mate</es>
		</text>
		<text name="satinPink">		
			<en>Matte Pink</en>
			<de>Mattrosa</de>
            <es>Rosa Mate</es>
		</text>
		<text name="satinGray">		
			<en>Matte Gray</en>
			<de>Mattgrau</de>
            <es>Gris Mate</es>
		</text>
		<text name="satinBrown">		
			<en>Matte Brown</en>
			<de>Matt Braun</de>
            <es>Marrón Mate</es>
		</text>
		<text name="metallicCopper">		
			<en>Copper Metallic </en>
			<de>kupfer metallisch</de>
            <es>Cobre Metalizado</es>
		</text>
		<text name="silverSteel">		
			<en>Silver Steel</en>
			<de>Silberner Stahl</de>
            <es>Acero Plateado</es>
		</text>
    </l10n>
	
</modDesc>
