<?xml version="1.0" encoding="utf-8" standalone="no"?>
<vehicle type="hookLiftPB" xmlns:xsi="http://www.w3.org/2001/XMLSchema-instance" xsi:noNamespaceSchemaLocation="https://validation.gdn.giants-software.com/xml/fs22/vehicle.xsd">
    <annotation>Copyright (C) ShabaFS Modding, All Rights Reserved.</annotation>

    <storeData>
        <name>$l10n_shopItem_plataformabidones</name>
        <functions>
            <function>$l10n_function_hookLiftPB</function>
        </functions>
        <image>texturas/store_plataformabidones.png</image>
        <price>4200</price>
        <lifetime>800</lifetime>
        <rotation>0</rotation>
        <brand>ITRUNNER</brand>
        <category>misc</category>
        <vertexBufferMemoryUsage>205568</vertexBufferMemoryUsage>
        <indexBufferMemoryUsage>30464</indexBufferMemoryUsage>
        <textureMemoryUsage>3670016</textureMemoryUsage>
        <audioMemoryUsage>0</audioMemoryUsage>
        <instanceVertexBufferMemoryUsage>0</instanceVertexBufferMemoryUsage>
        <instanceIndexBufferMemoryUsage>0</instanceIndexBufferMemoryUsage>
    </storeData>

    <base>
        <typeDesc>$l10n_typeDesc_container</typeDesc>
        <filename>plataformabidones.i3d</filename>
        <size width="3.5" length="8.5" lengthOffset="0.3"/>
		
        <components>
            <component centerOfMass="0 0.2 0" solverIterationCount="10" mass="2800"/>
        </components>
		
        <schemaOverlay attacherJointPosition="0 0" name="IMPLEMENT" />
    </base>

    <configurationSets>
        <configurationSet name="$l10n_fillType_liquidFertilizer" params="1">
            <configuration name="fillUnit" index="1"/>
        </configurationSet>
        <configurationSet name="$l10n_fillType_herbicide" params="2">
            <configuration name="fillUnit" index="2"/>
        </configurationSet>
        <configurationSet name="$l10n_fillType_diesel" params="3">
            <configuration name="fillUnit" index="3"/>
        </configurationSet>
        <configurationSet name="$l10n_fillType_water" params="4">
            <configuration name="fillUnit" index="4"/>
        </configurationSet>
        <configurationSet name="$l10n_fillType_silageAdditive" params="5">
            <configuration name="fillUnit" index="5"/>
        </configurationSet>
    </configurationSets>

    <wheels>
        <wheelConfigurations>
            <wheelConfiguration>
                <wheels autoRotateBackSpeed="2.0">
                    <wheel>
                        <physics restLoad="1.0" repr="rulo1" radius="0.085" width="0.5" mass="0.02" initialCompression="50" suspTravel="0.05" spring="300" damper="100" frictionScale="0.8"/>
                    </wheel>
                    <wheel>
                        <physics restLoad="1.0" repr="rulo2" radius="0.085" width="0.5" mass="0.02" initialCompression="50" suspTravel="0.05" spring="300" damper="100" frictionScale="0.8"/>
                    </wheel>
                </wheels>
            </wheelConfiguration>
        </wheelConfigurations>
    </wheels>

    <attachable>
        <inputAttacherJoints>
            <inputAttacherJoint node="attacherJoint" jointType="hookLift" allowsJointRotLimitMovement="false" forceSelectionOnAttach="false" upperRotationOffset="0"/>
        </inputAttacherJoints>
    </attachable>

    <animations>
        <animation name="fertilizanteAnimation">
            <part node="0>0|10|0" startTime="0.000" endTime="0.099" visibility="false"/>
            <part node="0>0|10|0" startTime="0.099" endTime="54.000" visibility="true"/>
            <part node="0>0|4|0|0|0" startTime="0.000" endTime="0.999" visibility="false"/>
            <part node="0>0|4|0|0|0" startTime="0.999" endTime="54.000" visibility="true"/>
            <part node="0>0|4|0|0|1" startTime="0.000" endTime="1.999" visibility="false"/>
            <part node="0>0|4|0|0|1" startTime="1.999" endTime="54.000" visibility="true"/>
            <part node="0>0|4|0|0|2" startTime="0.000" endTime="2.999" visibility="false"/>
            <part node="0>0|4|0|0|2" startTime="2.999" endTime="54.000" visibility="true"/>
            <part node="0>0|4|0|0|3" startTime="0.000" endTime="3.999" visibility="false"/>
            <part node="0>0|4|0|0|3" startTime="3.999" endTime="54.000" visibility="true"/>
            <part node="0>0|4|0|0|4" startTime="0.000" endTime="4.999" visibility="false"/>
            <part node="0>0|4|0|0|4" startTime="4.999" endTime="54.000" visibility="true"/>
            <part node="0>0|4|0|0|5" startTime="0.000" endTime="5.999" visibility="false"/>
            <part node="0>0|4|0|0|5" startTime="5.999" endTime="54.000" visibility="true"/>
            <part node="0>0|10|1" startTime="0.000" endTime="6.099" visibility="false"/>
            <part node="0>0|10|1" startTime="6.099" endTime="54.000" visibility="true"/>
            <part node="0>0|4|1|0|0" startTime="0.000" endTime="6.999" visibility="false"/>
            <part node="0>0|4|1|0|0" startTime="6.999" endTime="54.000" visibility="true"/>
			<part node="0>0|4|1|0|1" startTime="0.000" endTime="7.999" visibility="false"/>
            <part node="0>0|4|1|0|1" startTime="7.999" endTime="54.000" visibility="true"/>
            <part node="0>0|4|1|0|2" startTime="0.000" endTime="8.999" visibility="false"/>
            <part node="0>0|4|1|0|2" startTime="8.999" endTime="54.000" visibility="true"/>
            <part node="0>0|4|1|0|3" startTime="0.000" endTime="9.999" visibility="false"/>
            <part node="0>0|4|1|0|3" startTime="9.999" endTime="54.000" visibility="true"/>
            <part node="0>0|4|1|0|4" startTime="0.000" endTime="10.999" visibility="false"/>
            <part node="0>0|4|1|0|4" startTime="10.999" endTime="54.000" visibility="true"/>
            <part node="0>0|4|1|0|5" startTime="0.000" endTime="11.999" visibility="false"/>
            <part node="0>0|4|1|0|5" startTime="11.999" endTime="54.000" visibility="true"/>
            <part node="0>0|10|2" startTime="0.000" endTime="12.099" visibility="false"/>
            <part node="0>0|10|2" startTime="12.099" endTime="54.000" visibility="true"/>
            <part node="0>0|4|2|0|0" startTime="0.000" endTime="12.999" visibility="false"/>
            <part node="0>0|4|2|0|0" startTime="12.999" endTime="54.000" visibility="true"/>
            <part node="0>0|4|2|0|1" startTime="0.000" endTime="13.999" visibility="false"/>
            <part node="0>0|4|2|0|1" startTime="13.999" endTime="54.000" visibility="true"/>
            <part node="0>0|4|2|0|2" startTime="0.000" endTime="14.999" visibility="false"/>
            <part node="0>0|4|2|0|2" startTime="14.999" endTime="54.000" visibility="true"/>
            <part node="0>0|4|2|0|3" startTime="0.000" endTime="15.999" visibility="false"/>
            <part node="0>0|4|2|0|3" startTime="15.999" endTime="54.000" visibility="true"/>
            <part node="0>0|4|2|0|4" startTime="0.000" endTime="16.999" visibility="false"/>
            <part node="0>0|4|2|0|4" startTime="16.999" endTime="54.000" visibility="true"/>
            <part node="0>0|4|2|0|5" startTime="0.000" endTime="17.999" visibility="false"/>
            <part node="0>0|4|2|0|5" startTime="17.999" endTime="54.000" visibility="true"/>
            <part node="0>0|10|3" startTime="0.000" endTime="18.099" visibility="false"/>
            <part node="0>0|10|3" startTime="18.099" endTime="54.000" visibility="true"/>
            <part node="0>0|4|3|0|0" startTime="0.000" endTime="18.999" visibility="false"/>
			<part node="0>0|4|3|0|0" startTime="18.999" endTime="54.000" visibility="true"/>
            <part node="0>0|4|3|0|1" startTime="0.000" endTime="19.999" visibility="false"/>
            <part node="0>0|4|3|0|1" startTime="19.999" endTime="54.000" visibility="true"/>
            <part node="0>0|4|3|0|2" startTime="0.000" endTime="20.999" visibility="false"/>
            <part node="0>0|4|3|0|2" startTime="20.999" endTime="54.000" visibility="true"/>
            <part node="0>0|4|3|0|3" startTime="0.000" endTime="21.999" visibility="false"/>
            <part node="0>0|4|3|0|3" startTime="21.999" endTime="54.000" visibility="true"/>
            <part node="0>0|4|3|0|4" startTime="0.000" endTime="22.999" visibility="false"/>
            <part node="0>0|4|3|0|4" startTime="22.999" endTime="54.000" visibility="true"/>
            <part node="0>0|4|3|0|5" startTime="0.000" endTime="23.999" visibility="false"/>
            <part node="0>0|4|3|0|5" startTime="23.999" endTime="54.000" visibility="true"/>
            <part node="0>0|10|4" startTime="0.000" endTime="24.099" visibility="false"/>
            <part node="0>0|10|4" startTime="24.099" endTime="54.000" visibility="true"/>
            <part node="0>0|4|4|0|0" startTime="0.000" endTime="24.999" visibility="false"/>
            <part node="0>0|4|4|0|0" startTime="24.999" endTime="54.000" visibility="true"/>
            <part node="0>0|4|4|0|1" startTime="0.000" endTime="25.999" visibility="false"/>
            <part node="0>0|4|4|0|1" startTime="25.999" endTime="54.000" visibility="true"/>
            <part node="0>0|4|4|0|2" startTime="0.000" endTime="26.999" visibility="false"/>
            <part node="0>0|4|4|0|2" startTime="26.999" endTime="54.000" visibility="true"/>
            <part node="0>0|4|4|0|3" startTime="0.000" endTime="27.999" visibility="false"/>
            <part node="0>0|4|4|0|3" startTime="27.999" endTime="54.000" visibility="true"/>
            <part node="0>0|4|4|0|4" startTime="0.000" endTime="28.999" visibility="false"/>
            <part node="0>0|4|4|0|4" startTime="28.999" endTime="54.000" visibility="true"/>
            <part node="0>0|4|4|0|5" startTime="0.000" endTime="29.999" visibility="false"/>
            <part node="0>0|4|4|0|5" startTime="29.999" endTime="54.000" visibility="true"/>
            <part node="0>0|10|5" startTime="0.000" endTime="30.099" visibility="false"/>
            <part node="0>0|10|5" startTime="30.099" endTime="54.000" visibility="true"/>
            <part node="0>0|4|5|0|0" startTime="0.000" endTime="30.999" visibility="false"/>
            <part node="0>0|4|5|0|0" startTime="30.999" endTime="54.000" visibility="true"/>
            <part node="0>0|4|5|0|1" startTime="0.000" endTime="31.999" visibility="false"/>
            <part node="0>0|4|5|0|1" startTime="31.999" endTime="54.000" visibility="true"/>
			<part node="0>0|4|5|0|2" startTime="0.000" endTime="32.999" visibility="false"/>
            <part node="0>0|4|5|0|2" startTime="32.999" endTime="54.000" visibility="true"/>
            <part node="0>0|4|5|0|3" startTime="0.000" endTime="33.999" visibility="false"/>
            <part node="0>0|4|5|0|3" startTime="33.999" endTime="54.000" visibility="true"/>
            <part node="0>0|4|5|0|4" startTime="0.000" endTime="34.999" visibility="false"/>
            <part node="0>0|4|5|0|4" startTime="34.999" endTime="54.000" visibility="true"/>
            <part node="0>0|4|5|0|5" startTime="0.000" endTime="35.999" visibility="false"/>
            <part node="0>0|4|5|0|5" startTime="35.999" endTime="54.000" visibility="true"/>
            <part node="0>0|10|6" startTime="0.000" endTime="36.099" visibility="false"/>
            <part node="0>0|10|6" startTime="36.099" endTime="54.000" visibility="true"/>
            <part node="0>0|4|6|0|0" startTime="0.000" endTime="36.999" visibility="false"/>
            <part node="0>0|4|6|0|0" startTime="36.999" endTime="54.000" visibility="true"/>
            <part node="0>0|4|6|0|1" startTime="0.000" endTime="37.999" visibility="false"/>
            <part node="0>0|4|6|0|1" startTime="37.999" endTime="54.000" visibility="true"/>
            <part node="0>0|4|6|0|2" startTime="0.000" endTime="38.999" visibility="false"/>
            <part node="0>0|4|6|0|2" startTime="38.999" endTime="54.000" visibility="true"/>
            <part node="0>0|4|6|0|3" startTime="0.000" endTime="39.999" visibility="false"/>
            <part node="0>0|4|6|0|3" startTime="39.999" endTime="54.000" visibility="true"/>
            <part node="0>0|4|6|0|4" startTime="0.000" endTime="40.999" visibility="false"/>
            <part node="0>0|4|6|0|4" startTime="40.999" endTime="54.000" visibility="true"/>
            <part node="0>0|4|6|0|5" startTime="0.000" endTime="41.999" visibility="false"/>
            <part node="0>0|4|6|0|5" startTime="41.999" endTime="54.000" visibility="true"/>
            <part node="0>0|10|7" startTime="0.000" endTime="42.099" visibility="false"/>
            <part node="0>0|10|7" startTime="42.099" endTime="54.000" visibility="true"/>
            <part node="0>0|4|7|0|0" startTime="0.000" endTime="42.999" visibility="false"/>
            <part node="0>0|4|7|0|0" startTime="42.999" endTime="54.000" visibility="true"/>
            <part node="0>0|4|7|0|1" startTime="0.000" endTime="43.999" visibility="false"/>
			<part node="0>0|4|7|0|1" startTime="43.999" endTime="54.000" visibility="true"/>
            <part node="0>0|4|7|0|2" startTime="0.000" endTime="44.999" visibility="false"/>
            <part node="0>0|4|7|0|2" startTime="44.999" endTime="54.000" visibility="true"/>
            <part node="0>0|4|7|0|3" startTime="0.000" endTime="45.999" visibility="false"/>
            <part node="0>0|4|7|0|3" startTime="45.999" endTime="54.000" visibility="true"/>
            <part node="0>0|4|7|0|4" startTime="0.000" endTime="46.999" visibility="false"/>
            <part node="0>0|4|7|0|4" startTime="46.999" endTime="54.000" visibility="true"/>
            <part node="0>0|4|7|0|5" startTime="0.000" endTime="47.999" visibility="false"/>
            <part node="0>0|4|7|0|5" startTime="47.999" endTime="54.000" visibility="true"/>
            <part node="0>0|10|8" startTime="0.000" endTime="48.099" visibility="false"/>
            <part node="0>0|10|8" startTime="48.099" endTime="54.000" visibility="true"/>
            <part node="0>0|4|8|0|0" startTime="0.000" endTime="48.999" visibility="false"/>
            <part node="0>0|4|8|0|0" startTime="48.999" endTime="54.000" visibility="true"/>
            <part node="0>0|4|8|0|1" startTime="0.000" endTime="49.999" visibility="false"/>
            <part node="0>0|4|8|0|1" startTime="49.999" endTime="54.000" visibility="true"/>
            <part node="0>0|4|8|0|2" startTime="0.000" endTime="50.999" visibility="false"/>
            <part node="0>0|4|8|0|2" startTime="50.999" endTime="54.000" visibility="true"/>
            <part node="0>0|4|8|0|3" startTime="0.000" endTime="51.999" visibility="false"/>
            <part node="0>0|4|8|0|3" startTime="51.999" endTime="54.000" visibility="true"/>
            <part node="0>0|4|8|0|4" startTime="0.000" endTime="52.999" visibility="false"/>
            <part node="0>0|4|8|0|4" startTime="52.999" endTime="54.000" visibility="true"/>
            <part node="0>0|4|8|0|5" startTime="0.000" endTime="53.999" visibility="false"/>
            <part node="0>0|4|8|0|5" startTime="53.999" endTime="54.000" visibility="true"/>
          
        </animation>
        <animation name="herbicidaAnimation">
            <part node="0>0|10|0" startTime="0.000" endTime="0.099" visibility="false"/>
            <part node="0>0|10|0" startTime="0.099" endTime="54.000" visibility="true"/>
            <part node="0>0|5|0|0|0" startTime="0.000" endTime="0.999" visibility="false"/>
            <part node="0>0|5|0|0|0" startTime="0.999" endTime="54.000" visibility="true"/>
            <part node="0>0|5|0|0|1" startTime="0.000" endTime="1.999" visibility="false"/>
            <part node="0>0|5|0|0|1" startTime="1.999" endTime="54.000" visibility="true"/>
            <part node="0>0|5|0|0|2" startTime="0.000" endTime="2.999" visibility="false"/>
            <part node="0>0|5|0|0|2" startTime="2.999" endTime="54.000" visibility="true"/>
            <part node="0>0|5|0|0|3" startTime="0.000" endTime="3.999" visibility="false"/>
            <part node="0>0|5|0|0|3" startTime="3.999" endTime="54.000" visibility="true"/>
            <part node="0>0|5|0|0|4" startTime="0.000" endTime="4.999" visibility="false"/>
            <part node="0>0|5|0|0|4" startTime="4.999" endTime="54.000" visibility="true"/>
            <part node="0>0|5|0|0|5" startTime="0.000" endTime="5.999" visibility="false"/>
            <part node="0>0|10|1" startTime="0.000" endTime="6.099" visibility="false"/>
            <part node="0>0|10|1" startTime="6.099" endTime="54.000" visibility="true"/>
            <part node="0>0|5|0|0|5" startTime="5.999" endTime="54.000" visibility="true"/>
            <part node="0>0|5|1|0|0" startTime="0.000" endTime="6.999" visibility="false"/>
            <part node="0>0|5|1|0|0" startTime="6.999" endTime="54.000" visibility="true"/>
			<part node="0>0|5|1|0|1" startTime="0.000" endTime="7.999" visibility="false"/>
            <part node="0>0|5|1|0|1" startTime="7.999" endTime="54.000" visibility="true"/>
            <part node="0>0|5|1|0|2" startTime="0.000" endTime="8.999" visibility="false"/>
            <part node="0>0|5|1|0|2" startTime="8.999" endTime="54.000" visibility="true"/>
            <part node="0>0|5|1|0|3" startTime="0.000" endTime="9.999" visibility="false"/>
            <part node="0>0|5|1|0|3" startTime="9.999" endTime="54.000" visibility="true"/>
            <part node="0>0|5|1|0|4" startTime="0.000" endTime="10.999" visibility="false"/>
            <part node="0>0|5|1|0|4" startTime="10.999" endTime="54.000" visibility="true"/>
            <part node="0>0|5|1|0|5" startTime="0.000" endTime="11.999" visibility="false"/>
            <part node="0>0|5|1|0|5" startTime="11.999" endTime="54.000" visibility="true"/>
            <part node="0>0|10|2" startTime="0.000" endTime="12.099" visibility="false"/>
            <part node="0>0|10|2" startTime="12.099" endTime="54.000" visibility="true"/>
            <part node="0>0|5|2|0|0" startTime="0.000" endTime="12.999" visibility="false"/>
            <part node="0>0|5|2|0|0" startTime="12.999" endTime="54.000" visibility="true"/>
            <part node="0>0|5|2|0|1" startTime="0.000" endTime="13.999" visibility="false"/>
            <part node="0>0|5|2|0|1" startTime="13.999" endTime="54.000" visibility="true"/>
            <part node="0>0|5|2|0|2" startTime="0.000" endTime="14.999" visibility="false"/>
            <part node="0>0|5|2|0|2" startTime="14.999" endTime="54.000" visibility="true"/>
            <part node="0>0|5|2|0|3" startTime="0.000" endTime="15.999" visibility="false"/>
            <part node="0>0|5|2|0|3" startTime="15.999" endTime="54.000" visibility="true"/>
            <part node="0>0|5|2|0|4" startTime="0.000" endTime="16.999" visibility="false"/>
            <part node="0>0|5|2|0|4" startTime="16.999" endTime="54.000" visibility="true"/>
            <part node="0>0|5|2|0|5" startTime="0.000" endTime="17.999" visibility="false"/>
            <part node="0>0|5|2|0|5" startTime="17.999" endTime="54.000" visibility="true"/>
            <part node="0>0|10|3" startTime="0.000" endTime="18.099" visibility="false"/>
            <part node="0>0|10|3" startTime="18.099" endTime="54.000" visibility="true"/>
            <part node="0>0|5|3|0|0" startTime="0.000" endTime="18.999" visibility="false"/>
			<part node="0>0|5|3|0|0" startTime="18.999" endTime="54.000" visibility="true"/>
            <part node="0>0|5|3|0|1" startTime="0.000" endTime="19.999" visibility="false"/>
            <part node="0>0|5|3|0|1" startTime="19.999" endTime="54.000" visibility="true"/>
            <part node="0>0|5|3|0|2" startTime="0.000" endTime="20.999" visibility="false"/>
            <part node="0>0|5|3|0|2" startTime="20.999" endTime="54.000" visibility="true"/>
            <part node="0>0|5|3|0|3" startTime="0.000" endTime="21.999" visibility="false"/>
            <part node="0>0|5|3|0|3" startTime="21.999" endTime="54.000" visibility="true"/>
            <part node="0>0|5|3|0|4" startTime="0.000" endTime="22.999" visibility="false"/>
            <part node="0>0|5|3|0|4" startTime="22.999" endTime="54.000" visibility="true"/>
            <part node="0>0|5|3|0|5" startTime="0.000" endTime="23.999" visibility="false"/>
            <part node="0>0|5|3|0|5" startTime="23.999" endTime="54.000" visibility="true"/>
            <part node="0>0|10|4" startTime="0.000" endTime="24.099" visibility="false"/>
            <part node="0>0|10|4" startTime="24.099" endTime="54.000" visibility="true"/>
            <part node="0>0|5|4|0|0" startTime="0.000" endTime="24.999" visibility="false"/>
            <part node="0>0|5|4|0|0" startTime="24.999" endTime="54.000" visibility="true"/>
            <part node="0>0|5|4|0|1" startTime="0.000" endTime="25.999" visibility="false"/>
            <part node="0>0|5|4|0|1" startTime="25.999" endTime="54.000" visibility="true"/>
            <part node="0>0|5|4|0|2" startTime="0.000" endTime="26.999" visibility="false"/>
            <part node="0>0|5|4|0|2" startTime="26.999" endTime="54.000" visibility="true"/>
            <part node="0>0|5|4|0|3" startTime="0.000" endTime="27.999" visibility="false"/>
            <part node="0>0|5|4|0|3" startTime="27.999" endTime="54.000" visibility="true"/>
            <part node="0>0|5|4|0|4" startTime="0.000" endTime="28.999" visibility="false"/>
            <part node="0>0|5|4|0|4" startTime="28.999" endTime="54.000" visibility="true"/>
            <part node="0>0|5|4|0|5" startTime="0.000" endTime="29.999" visibility="false"/>
            <part node="0>0|5|4|0|5" startTime="29.999" endTime="54.000" visibility="true"/>
            <part node="0>0|10|5" startTime="0.000" endTime="30.099" visibility="false"/>
            <part node="0>0|10|5" startTime="30.099" endTime="54.000" visibility="true"/>
            <part node="0>0|5|5|0|0" startTime="0.000" endTime="30.999" visibility="false"/>
            <part node="0>0|5|5|0|0" startTime="30.999" endTime="54.000" visibility="true"/>
            <part node="0>0|5|5|0|1" startTime="0.000" endTime="31.999" visibility="false"/>
            <part node="0>0|5|5|0|1" startTime="31.999" endTime="54.000" visibility="true"/>
			<part node="0>0|5|5|0|2" startTime="0.000" endTime="32.999" visibility="false"/>
            <part node="0>0|5|5|0|2" startTime="32.999" endTime="54.000" visibility="true"/>
            <part node="0>0|5|5|0|3" startTime="0.000" endTime="33.999" visibility="false"/>
            <part node="0>0|5|5|0|3" startTime="33.999" endTime="54.000" visibility="true"/>
            <part node="0>0|5|5|0|4" startTime="0.000" endTime="34.999" visibility="false"/>
            <part node="0>0|5|5|0|4" startTime="34.999" endTime="54.000" visibility="true"/>
            <part node="0>0|5|5|0|5" startTime="0.000" endTime="35.999" visibility="false"/>
            <part node="0>0|5|5|0|5" startTime="35.999" endTime="54.000" visibility="true"/>
            <part node="0>0|10|6" startTime="0.000" endTime="36.099" visibility="false"/>
            <part node="0>0|10|6" startTime="36.099" endTime="54.000" visibility="true"/>
            <part node="0>0|5|6|0|0" startTime="0.000" endTime="36.999" visibility="false"/>
            <part node="0>0|5|6|0|0" startTime="36.999" endTime="54.000" visibility="true"/>
            <part node="0>0|5|6|0|1" startTime="0.000" endTime="37.999" visibility="false"/>
            <part node="0>0|5|6|0|1" startTime="37.999" endTime="54.000" visibility="true"/>
            <part node="0>0|5|6|0|2" startTime="0.000" endTime="38.999" visibility="false"/>
            <part node="0>0|5|6|0|2" startTime="38.999" endTime="54.000" visibility="true"/>
            <part node="0>0|5|6|0|3" startTime="0.000" endTime="39.999" visibility="false"/>
            <part node="0>0|5|6|0|3" startTime="39.999" endTime="54.000" visibility="true"/>
            <part node="0>0|5|6|0|4" startTime="0.000" endTime="40.999" visibility="false"/>
            <part node="0>0|5|6|0|4" startTime="40.999" endTime="54.000" visibility="true"/>
            <part node="0>0|5|6|0|5" startTime="0.000" endTime="41.999" visibility="false"/>
            <part node="0>0|5|6|0|5" startTime="41.999" endTime="54.000" visibility="true"/>
            <part node="0>0|10|7" startTime="0.000" endTime="42.099" visibility="false"/>
            <part node="0>0|10|7" startTime="42.099" endTime="54.000" visibility="true"/>
            <part node="0>0|5|7|0|0" startTime="0.000" endTime="42.999" visibility="false"/>
            <part node="0>0|5|7|0|0" startTime="42.999" endTime="54.000" visibility="true"/>
            <part node="0>0|5|7|0|1" startTime="0.000" endTime="43.999" visibility="false"/>
			<part node="0>0|5|7|0|1" startTime="43.999" endTime="54.000" visibility="true"/>
            <part node="0>0|5|7|0|2" startTime="0.000" endTime="44.999" visibility="false"/>
            <part node="0>0|5|7|0|2" startTime="44.999" endTime="54.000" visibility="true"/>
            <part node="0>0|5|7|0|3" startTime="0.000" endTime="45.999" visibility="false"/>
            <part node="0>0|5|7|0|3" startTime="45.999" endTime="54.000" visibility="true"/>
            <part node="0>0|5|7|0|4" startTime="0.000" endTime="46.999" visibility="false"/>
            <part node="0>0|5|7|0|4" startTime="46.999" endTime="54.000" visibility="true"/>
            <part node="0>0|5|7|0|5" startTime="0.000" endTime="47.999" visibility="false"/>
            <part node="0>0|5|7|0|5" startTime="47.999" endTime="54.000" visibility="true"/>
            <part node="0>0|10|8" startTime="0.000" endTime="48.099" visibility="false"/>
            <part node="0>0|10|8" startTime="48.099" endTime="54.000" visibility="true"/>
            <part node="0>0|5|8|0|0" startTime="0.000" endTime="48.999" visibility="false"/>
            <part node="0>0|5|8|0|0" startTime="48.999" endTime="54.000" visibility="true"/>
            <part node="0>0|5|8|0|1" startTime="0.000" endTime="49.999" visibility="false"/>
            <part node="0>0|5|8|0|1" startTime="49.999" endTime="54.000" visibility="true"/>
            <part node="0>0|5|8|0|2" startTime="0.000" endTime="50.999" visibility="false"/>
            <part node="0>0|5|8|0|2" startTime="50.999" endTime="54.000" visibility="true"/>
            <part node="0>0|5|8|0|3" startTime="0.000" endTime="51.999" visibility="false"/>
            <part node="0>0|5|8|0|3" startTime="51.999" endTime="54.000" visibility="true"/>
            <part node="0>0|5|8|0|4" startTime="0.000" endTime="52.999" visibility="false"/>
            <part node="0>0|5|8|0|4" startTime="52.999" endTime="54.000" visibility="true"/>
            <part node="0>0|5|8|0|5" startTime="0.000" endTime="53.999" visibility="false"/>
            <part node="0>0|5|8|0|5" startTime="53.999" endTime="54.000" visibility="true"/>
        </animation>
        <animation name="dieselAnimation">
            <part node="0>0|10|0" startTime="0.000" endTime="0.099" visibility="false"/>
            <part node="0>0|10|0" startTime="0.099" endTime="54.000" visibility="true"/>
            <part node="0>0|6|0|0|0" startTime="0.000" endTime="0.999" visibility="false"/>
            <part node="0>0|6|0|0|0" startTime="0.999" endTime="54.000" visibility="true"/>
            <part node="0>0|6|0|0|1" startTime="0.000" endTime="1.999" visibility="false"/>
            <part node="0>0|6|0|0|1" startTime="1.999" endTime="54.000" visibility="true"/>
            <part node="0>0|6|0|0|2" startTime="0.000" endTime="2.999" visibility="false"/>
            <part node="0>0|6|0|0|2" startTime="2.999" endTime="54.000" visibility="true"/>
            <part node="0>0|6|0|0|3" startTime="0.000" endTime="3.999" visibility="false"/>
            <part node="0>0|6|0|0|3" startTime="3.999" endTime="54.000" visibility="true"/>
            <part node="0>0|6|0|0|4" startTime="0.000" endTime="4.999" visibility="false"/>
            <part node="0>0|6|0|0|4" startTime="4.999" endTime="54.000" visibility="true"/>
            <part node="0>0|6|0|0|5" startTime="0.000" endTime="5.999" visibility="false"/>
            <part node="0>0|6|0|0|5" startTime="5.999" endTime="54.000" visibility="true"/>
            <part node="0>0|10|1" startTime="0.000" endTime="6.099" visibility="false"/>
            <part node="0>0|10|1" startTime="6.099" endTime="54.000" visibility="true"/>
            <part node="0>0|6|1|0|0" startTime="0.000" endTime="6.999" visibility="false"/>
            <part node="0>0|6|1|0|0" startTime="6.999" endTime="54.000" visibility="true"/>
			<part node="0>0|6|1|0|1" startTime="0.000" endTime="7.999" visibility="false"/>
            <part node="0>0|6|1|0|1" startTime="7.999" endTime="54.000" visibility="true"/>
            <part node="0>0|6|1|0|2" startTime="0.000" endTime="8.999" visibility="false"/>
            <part node="0>0|6|1|0|2" startTime="8.999" endTime="54.000" visibility="true"/>
            <part node="0>0|6|1|0|3" startTime="0.000" endTime="9.999" visibility="false"/>
            <part node="0>0|6|1|0|3" startTime="9.999" endTime="54.000" visibility="true"/>
            <part node="0>0|6|1|0|4" startTime="0.000" endTime="10.999" visibility="false"/>
            <part node="0>0|6|1|0|4" startTime="10.999" endTime="54.000" visibility="true"/>
            <part node="0>0|6|1|0|5" startTime="0.000" endTime="11.999" visibility="false"/>
            <part node="0>0|6|1|0|5" startTime="11.999" endTime="54.000" visibility="true"/>
            <part node="0>0|10|2" startTime="0.000" endTime="12.099" visibility="false"/>
            <part node="0>0|10|2" startTime="12.099" endTime="54.000" visibility="true"/>
            <part node="0>0|6|2|0|0" startTime="0.000" endTime="12.999" visibility="false"/>
            <part node="0>0|6|2|0|0" startTime="12.999" endTime="54.000" visibility="true"/>
            <part node="0>0|6|2|0|1" startTime="0.000" endTime="13.999" visibility="false"/>
            <part node="0>0|6|2|0|1" startTime="13.999" endTime="54.000" visibility="true"/>
            <part node="0>0|6|2|0|2" startTime="0.000" endTime="14.999" visibility="false"/>
            <part node="0>0|6|2|0|2" startTime="14.999" endTime="54.000" visibility="true"/>
            <part node="0>0|6|2|0|3" startTime="0.000" endTime="15.999" visibility="false"/>
            <part node="0>0|6|2|0|3" startTime="15.999" endTime="54.000" visibility="true"/>
            <part node="0>0|6|2|0|4" startTime="0.000" endTime="16.999" visibility="false"/>
            <part node="0>0|6|2|0|4" startTime="16.999" endTime="54.000" visibility="true"/>
            <part node="0>0|6|2|0|5" startTime="0.000" endTime="17.999" visibility="false"/>
            <part node="0>0|6|2|0|5" startTime="17.999" endTime="54.000" visibility="true"/>
            <part node="0>0|10|3" startTime="0.000" endTime="18.099" visibility="false"/>
            <part node="0>0|10|3" startTime="18.099" endTime="54.000" visibility="true"/>
            <part node="0>0|6|3|0|0" startTime="0.000" endTime="18.999" visibility="false"/>
			<part node="0>0|6|3|0|0" startTime="18.999" endTime="54.000" visibility="true"/>
            <part node="0>0|6|3|0|1" startTime="0.000" endTime="19.999" visibility="false"/>
            <part node="0>0|6|3|0|1" startTime="19.999" endTime="54.000" visibility="true"/>
            <part node="0>0|6|3|0|2" startTime="0.000" endTime="20.999" visibility="false"/>
            <part node="0>0|6|3|0|2" startTime="20.999" endTime="54.000" visibility="true"/>
            <part node="0>0|6|3|0|3" startTime="0.000" endTime="21.999" visibility="false"/>
            <part node="0>0|6|3|0|3" startTime="21.999" endTime="54.000" visibility="true"/>
            <part node="0>0|6|3|0|4" startTime="0.000" endTime="22.999" visibility="false"/>
            <part node="0>0|6|3|0|4" startTime="22.999" endTime="54.000" visibility="true"/>
            <part node="0>0|6|3|0|5" startTime="0.000" endTime="23.999" visibility="false"/>
            <part node="0>0|6|3|0|5" startTime="23.999" endTime="54.000" visibility="true"/>
            <part node="0>0|10|4" startTime="0.000" endTime="24.099" visibility="false"/>
            <part node="0>0|10|4" startTime="24.099" endTime="54.000" visibility="true"/>
            <part node="0>0|6|4|0|0" startTime="0.000" endTime="24.999" visibility="false"/>
            <part node="0>0|6|4|0|0" startTime="24.999" endTime="54.000" visibility="true"/>
            <part node="0>0|6|4|0|1" startTime="0.000" endTime="25.999" visibility="false"/>
            <part node="0>0|6|4|0|1" startTime="25.999" endTime="54.000" visibility="true"/>
            <part node="0>0|6|4|0|2" startTime="0.000" endTime="26.999" visibility="false"/>
            <part node="0>0|6|4|0|2" startTime="26.999" endTime="54.000" visibility="true"/>
            <part node="0>0|6|4|0|3" startTime="0.000" endTime="27.999" visibility="false"/>
            <part node="0>0|6|4|0|3" startTime="27.999" endTime="54.000" visibility="true"/>
            <part node="0>0|6|4|0|4" startTime="0.000" endTime="28.999" visibility="false"/>
            <part node="0>0|6|4|0|4" startTime="28.999" endTime="54.000" visibility="true"/>
            <part node="0>0|6|4|0|5" startTime="0.000" endTime="29.999" visibility="false"/>
            <part node="0>0|6|4|0|5" startTime="29.999" endTime="54.000" visibility="true"/>
            <part node="0>0|10|5" startTime="0.000" endTime="30.099" visibility="false"/>
            <part node="0>0|10|5" startTime="30.099" endTime="54.000" visibility="true"/>
            <part node="0>0|6|5|0|0" startTime="0.000" endTime="30.999" visibility="false"/>
            <part node="0>0|6|5|0|0" startTime="30.999" endTime="54.000" visibility="true"/>
            <part node="0>0|6|5|0|1" startTime="0.000" endTime="31.999" visibility="false"/>
            <part node="0>0|6|5|0|1" startTime="31.999" endTime="54.000" visibility="true"/>
			<part node="0>0|6|5|0|2" startTime="0.000" endTime="32.999" visibility="false"/>
            <part node="0>0|6|5|0|2" startTime="32.999" endTime="54.000" visibility="true"/>
            <part node="0>0|6|5|0|3" startTime="0.000" endTime="33.999" visibility="false"/>
            <part node="0>0|6|5|0|3" startTime="33.999" endTime="54.000" visibility="true"/>
            <part node="0>0|6|5|0|4" startTime="0.000" endTime="34.999" visibility="false"/>
            <part node="0>0|6|5|0|4" startTime="34.999" endTime="54.000" visibility="true"/>
            <part node="0>0|6|5|0|5" startTime="0.000" endTime="35.999" visibility="false"/>
            <part node="0>0|6|5|0|5" startTime="35.999" endTime="54.000" visibility="true"/>
            <part node="0>0|10|6" startTime="0.000" endTime="36.099" visibility="false"/>
            <part node="0>0|10|6" startTime="36.099" endTime="54.000" visibility="true"/>
            <part node="0>0|6|6|0|0" startTime="0.000" endTime="36.999" visibility="false"/>
            <part node="0>0|6|6|0|0" startTime="36.999" endTime="54.000" visibility="true"/>
            <part node="0>0|6|6|0|1" startTime="0.000" endTime="37.999" visibility="false"/>
            <part node="0>0|6|6|0|1" startTime="37.999" endTime="54.000" visibility="true"/>
            <part node="0>0|6|6|0|2" startTime="0.000" endTime="38.999" visibility="false"/>
            <part node="0>0|6|6|0|2" startTime="38.999" endTime="54.000" visibility="true"/>
            <part node="0>0|6|6|0|3" startTime="0.000" endTime="39.999" visibility="false"/>
            <part node="0>0|6|6|0|3" startTime="39.999" endTime="54.000" visibility="true"/>
            <part node="0>0|6|6|0|4" startTime="0.000" endTime="40.999" visibility="false"/>
            <part node="0>0|6|6|0|4" startTime="40.999" endTime="54.000" visibility="true"/>
            <part node="0>0|6|6|0|5" startTime="0.000" endTime="41.999" visibility="false"/>
            <part node="0>0|6|6|0|5" startTime="41.999" endTime="54.000" visibility="true"/>
            <part node="0>0|10|7" startTime="0.000" endTime="42.099" visibility="false"/>
            <part node="0>0|10|7" startTime="42.099" endTime="54.000" visibility="true"/>
            <part node="0>0|6|7|0|0" startTime="0.000" endTime="42.999" visibility="false"/>
            <part node="0>0|6|7|0|0" startTime="42.999" endTime="54.000" visibility="true"/>
            <part node="0>0|6|7|0|1" startTime="0.000" endTime="43.999" visibility="false"/>
			<part node="0>0|6|7|0|1" startTime="43.999" endTime="54.000" visibility="true"/>
            <part node="0>0|6|7|0|2" startTime="0.000" endTime="44.999" visibility="false"/>
            <part node="0>0|6|7|0|2" startTime="44.999" endTime="54.000" visibility="true"/>
            <part node="0>0|6|7|0|3" startTime="0.000" endTime="45.999" visibility="false"/>
            <part node="0>0|6|7|0|3" startTime="45.999" endTime="54.000" visibility="true"/>
            <part node="0>0|6|7|0|4" startTime="0.000" endTime="46.999" visibility="false"/>
            <part node="0>0|6|7|0|4" startTime="46.999" endTime="54.000" visibility="true"/>
            <part node="0>0|6|7|0|5" startTime="0.000" endTime="47.999" visibility="false"/>
            <part node="0>0|6|7|0|5" startTime="47.999" endTime="54.000" visibility="true"/>
            <part node="0>0|10|8" startTime="0.000" endTime="48.099" visibility="false"/>
            <part node="0>0|10|8" startTime="48.099" endTime="54.000" visibility="true"/>
            <part node="0>0|6|8|0|0" startTime="0.000" endTime="48.999" visibility="false"/>
            <part node="0>0|6|8|0|0" startTime="48.999" endTime="54.000" visibility="true"/>
            <part node="0>0|6|8|0|1" startTime="0.000" endTime="49.999" visibility="false"/>
            <part node="0>0|6|8|0|1" startTime="49.999" endTime="54.000" visibility="true"/>
            <part node="0>0|6|8|0|2" startTime="0.000" endTime="50.999" visibility="false"/>
            <part node="0>0|6|8|0|2" startTime="50.999" endTime="54.000" visibility="true"/>
            <part node="0>0|6|8|0|3" startTime="0.000" endTime="51.999" visibility="false"/>
            <part node="0>0|6|8|0|3" startTime="51.999" endTime="54.000" visibility="true"/>
            <part node="0>0|6|8|0|4" startTime="0.000" endTime="52.999" visibility="false"/>
            <part node="0>0|6|8|0|4" startTime="52.999" endTime="54.000" visibility="true"/>
            <part node="0>0|6|8|0|5" startTime="0.000" endTime="53.999" visibility="false"/>
            <part node="0>0|6|8|0|5" startTime="53.999" endTime="54.000" visibility="true"/>
        </animation>
        <animation name="aguaAnimation">
            <part node="0>0|10|0" startTime="0.000" endTime="0.099" visibility="false"/>
            <part node="0>0|10|0" startTime="0.099" endTime="54.000" visibility="true"/>
            <part node="0>0|7|0|0|0" startTime="0.000" endTime="0.999" visibility="false"/>
            <part node="0>0|7|0|0|0" startTime="0.999" endTime="54.000" visibility="true"/>
            <part node="0>0|7|0|0|1" startTime="0.000" endTime="1.999" visibility="false"/>
            <part node="0>0|7|0|0|1" startTime="1.999" endTime="54.000" visibility="true"/>
            <part node="0>0|7|0|0|2" startTime="0.000" endTime="2.999" visibility="false"/>
            <part node="0>0|7|0|0|2" startTime="2.999" endTime="54.000" visibility="true"/>
            <part node="0>0|7|0|0|3" startTime="0.000" endTime="3.999" visibility="false"/>
            <part node="0>0|7|0|0|3" startTime="3.999" endTime="54.000" visibility="true"/>
            <part node="0>0|7|0|0|4" startTime="0.000" endTime="4.999" visibility="false"/>
            <part node="0>0|7|0|0|4" startTime="4.999" endTime="54.000" visibility="true"/>
            <part node="0>0|7|0|0|5" startTime="0.000" endTime="5.999" visibility="false"/>
            <part node="0>0|7|0|0|5" startTime="5.999" endTime="54.000" visibility="true"/>
            <part node="0>0|10|1" startTime="0.000" endTime="6.099" visibility="false"/>
            <part node="0>0|10|1" startTime="6.099" endTime="54.000" visibility="true"/>
            <part node="0>0|7|1|0|0" startTime="0.000" endTime="6.999" visibility="false"/>
            <part node="0>0|7|1|0|0" startTime="6.999" endTime="54.000" visibility="true"/>
			<part node="0>0|7|1|0|1" startTime="0.000" endTime="7.999" visibility="false"/>
            <part node="0>0|7|1|0|1" startTime="7.999" endTime="54.000" visibility="true"/>
            <part node="0>0|7|1|0|2" startTime="0.000" endTime="8.999" visibility="false"/>
            <part node="0>0|7|1|0|2" startTime="8.999" endTime="54.000" visibility="true"/>
            <part node="0>0|7|1|0|3" startTime="0.000" endTime="9.999" visibility="false"/>
            <part node="0>0|7|1|0|3" startTime="9.999" endTime="54.000" visibility="true"/>
            <part node="0>0|7|1|0|4" startTime="0.000" endTime="10.999" visibility="false"/>
            <part node="0>0|7|1|0|4" startTime="10.999" endTime="54.000" visibility="true"/>
            <part node="0>0|7|1|0|5" startTime="0.000" endTime="11.999" visibility="false"/>
            <part node="0>0|7|1|0|5" startTime="11.999" endTime="54.000" visibility="true"/>
            <part node="0>0|10|2" startTime="0.000" endTime="12.099" visibility="false"/>
            <part node="0>0|10|2" startTime="12.099" endTime="54.000" visibility="true"/>
            <part node="0>0|7|2|0|0" startTime="0.000" endTime="12.999" visibility="false"/>
            <part node="0>0|7|2|0|0" startTime="12.999" endTime="54.000" visibility="true"/>
            <part node="0>0|7|2|0|1" startTime="0.000" endTime="13.999" visibility="false"/>
            <part node="0>0|7|2|0|1" startTime="13.999" endTime="54.000" visibility="true"/>
            <part node="0>0|7|2|0|2" startTime="0.000" endTime="14.999" visibility="false"/>
            <part node="0>0|7|2|0|2" startTime="14.999" endTime="54.000" visibility="true"/>
            <part node="0>0|7|2|0|3" startTime="0.000" endTime="15.999" visibility="false"/>
            <part node="0>0|7|2|0|3" startTime="15.999" endTime="54.000" visibility="true"/>
            <part node="0>0|7|2|0|4" startTime="0.000" endTime="16.999" visibility="false"/>
            <part node="0>0|7|2|0|4" startTime="16.999" endTime="54.000" visibility="true"/>
            <part node="0>0|7|2|0|5" startTime="0.000" endTime="17.999" visibility="false"/>
            <part node="0>0|7|2|0|5" startTime="17.999" endTime="54.000" visibility="true"/>
            <part node="0>0|10|3" startTime="0.000" endTime="18.099" visibility="false"/>
            <part node="0>0|10|3" startTime="18.099" endTime="54.000" visibility="true"/>
            <part node="0>0|7|3|0|0" startTime="0.000" endTime="18.999" visibility="false"/>
			<part node="0>0|7|3|0|0" startTime="18.999" endTime="54.000" visibility="true"/>
            <part node="0>0|7|3|0|1" startTime="0.000" endTime="19.999" visibility="false"/>
            <part node="0>0|7|3|0|1" startTime="19.999" endTime="54.000" visibility="true"/>
            <part node="0>0|7|3|0|2" startTime="0.000" endTime="20.999" visibility="false"/>
            <part node="0>0|7|3|0|2" startTime="20.999" endTime="54.000" visibility="true"/>
            <part node="0>0|7|3|0|3" startTime="0.000" endTime="21.999" visibility="false"/>
            <part node="0>0|7|3|0|3" startTime="21.999" endTime="54.000" visibility="true"/>
            <part node="0>0|7|3|0|4" startTime="0.000" endTime="22.999" visibility="false"/>
            <part node="0>0|7|3|0|4" startTime="22.999" endTime="54.000" visibility="true"/>
            <part node="0>0|7|3|0|5" startTime="0.000" endTime="23.999" visibility="false"/>
            <part node="0>0|7|3|0|5" startTime="23.999" endTime="54.000" visibility="true"/>
            <part node="0>0|10|4" startTime="0.000" endTime="24.099" visibility="false"/>
            <part node="0>0|10|4" startTime="24.099" endTime="54.000" visibility="true"/>
            <part node="0>0|7|4|0|0" startTime="0.000" endTime="24.999" visibility="false"/>
            <part node="0>0|7|4|0|0" startTime="24.999" endTime="54.000" visibility="true"/>
            <part node="0>0|7|4|0|1" startTime="0.000" endTime="25.999" visibility="false"/>
            <part node="0>0|7|4|0|1" startTime="25.999" endTime="54.000" visibility="true"/>
            <part node="0>0|7|4|0|2" startTime="0.000" endTime="26.999" visibility="false"/>
            <part node="0>0|7|4|0|2" startTime="26.999" endTime="54.000" visibility="true"/>
            <part node="0>0|7|4|0|3" startTime="0.000" endTime="27.999" visibility="false"/>
            <part node="0>0|7|4|0|3" startTime="27.999" endTime="54.000" visibility="true"/>
            <part node="0>0|7|4|0|4" startTime="0.000" endTime="28.999" visibility="false"/>
            <part node="0>0|7|4|0|4" startTime="28.999" endTime="54.000" visibility="true"/>
            <part node="0>0|7|4|0|5" startTime="0.000" endTime="29.999" visibility="false"/>
            <part node="0>0|7|4|0|5" startTime="29.999" endTime="54.000" visibility="true"/>
            <part node="0>0|10|5" startTime="0.000" endTime="30.099" visibility="false"/>
            <part node="0>0|10|5" startTime="30.099" endTime="54.000" visibility="true"/>
            <part node="0>0|7|5|0|0" startTime="0.000" endTime="30.999" visibility="false"/>
            <part node="0>0|7|5|0|0" startTime="30.999" endTime="54.000" visibility="true"/>
            <part node="0>0|7|5|0|1" startTime="0.000" endTime="31.999" visibility="false"/>
            <part node="0>0|7|5|0|1" startTime="31.999" endTime="54.000" visibility="true"/>
			<part node="0>0|7|5|0|2" startTime="0.000" endTime="32.999" visibility="false"/>
            <part node="0>0|7|5|0|2" startTime="32.999" endTime="54.000" visibility="true"/>
            <part node="0>0|7|5|0|3" startTime="0.000" endTime="33.999" visibility="false"/>
            <part node="0>0|7|5|0|3" startTime="33.999" endTime="54.000" visibility="true"/>
            <part node="0>0|7|5|0|4" startTime="0.000" endTime="34.999" visibility="false"/>
            <part node="0>0|7|5|0|4" startTime="34.999" endTime="54.000" visibility="true"/>
            <part node="0>0|7|5|0|5" startTime="0.000" endTime="35.999" visibility="false"/>
            <part node="0>0|7|5|0|5" startTime="35.999" endTime="54.000" visibility="true"/>
            <part node="0>0|10|6" startTime="0.000" endTime="36.099" visibility="false"/>
            <part node="0>0|10|6" startTime="36.099" endTime="54.000" visibility="true"/>
            <part node="0>0|7|6|0|0" startTime="0.000" endTime="36.999" visibility="false"/>
            <part node="0>0|7|6|0|0" startTime="36.999" endTime="54.000" visibility="true"/>
            <part node="0>0|7|6|0|1" startTime="0.000" endTime="37.999" visibility="false"/>
            <part node="0>0|7|6|0|1" startTime="37.999" endTime="54.000" visibility="true"/>
            <part node="0>0|7|6|0|2" startTime="0.000" endTime="38.999" visibility="false"/>
            <part node="0>0|7|6|0|2" startTime="38.999" endTime="54.000" visibility="true"/>
            <part node="0>0|7|6|0|3" startTime="0.000" endTime="39.999" visibility="false"/>
            <part node="0>0|7|6|0|3" startTime="39.999" endTime="54.000" visibility="true"/>
            <part node="0>0|7|6|0|4" startTime="0.000" endTime="40.999" visibility="false"/>
            <part node="0>0|7|6|0|4" startTime="40.999" endTime="54.000" visibility="true"/>
            <part node="0>0|7|6|0|5" startTime="0.000" endTime="41.999" visibility="false"/>
            <part node="0>0|7|6|0|5" startTime="41.999" endTime="54.000" visibility="true"/>
            <part node="0>0|10|7" startTime="0.000" endTime="42.099" visibility="false"/>
            <part node="0>0|10|7" startTime="42.099" endTime="54.000" visibility="true"/>
            <part node="0>0|7|7|0|0" startTime="0.000" endTime="42.999" visibility="false"/>
            <part node="0>0|7|7|0|0" startTime="42.999" endTime="54.000" visibility="true"/>
            <part node="0>0|7|7|0|1" startTime="0.000" endTime="43.999" visibility="false"/>
			<part node="0>0|7|7|0|1" startTime="43.999" endTime="54.000" visibility="true"/>
            <part node="0>0|7|7|0|2" startTime="0.000" endTime="44.999" visibility="false"/>
            <part node="0>0|7|7|0|2" startTime="44.999" endTime="54.000" visibility="true"/>
            <part node="0>0|7|7|0|3" startTime="0.000" endTime="45.999" visibility="false"/>
            <part node="0>0|7|7|0|3" startTime="45.999" endTime="54.000" visibility="true"/>
            <part node="0>0|7|7|0|4" startTime="0.000" endTime="46.999" visibility="false"/>
            <part node="0>0|7|7|0|4" startTime="46.999" endTime="54.000" visibility="true"/>
            <part node="0>0|7|7|0|5" startTime="0.000" endTime="47.999" visibility="false"/>
            <part node="0>0|7|7|0|5" startTime="47.999" endTime="54.000" visibility="true"/>
            <part node="0>0|10|8" startTime="0.000" endTime="48.099" visibility="false"/>
            <part node="0>0|10|8" startTime="48.099" endTime="54.000" visibility="true"/>
            <part node="0>0|7|8|0|0" startTime="0.000" endTime="48.999" visibility="false"/>
            <part node="0>0|7|8|0|0" startTime="48.999" endTime="54.000" visibility="true"/>
            <part node="0>0|7|8|0|1" startTime="0.000" endTime="49.999" visibility="false"/>
            <part node="0>0|7|8|0|1" startTime="49.999" endTime="54.000" visibility="true"/>
            <part node="0>0|7|8|0|2" startTime="0.000" endTime="50.999" visibility="false"/>
            <part node="0>0|7|8|0|2" startTime="50.999" endTime="54.000" visibility="true"/>
            <part node="0>0|7|8|0|3" startTime="0.000" endTime="51.999" visibility="false"/>
            <part node="0>0|7|8|0|3" startTime="51.999" endTime="54.000" visibility="true"/>
            <part node="0>0|7|8|0|4" startTime="0.000" endTime="52.999" visibility="false"/>
            <part node="0>0|7|8|0|4" startTime="52.999" endTime="54.000" visibility="true"/>
            <part node="0>0|7|8|0|5" startTime="0.000" endTime="53.999" visibility="false"/>
            <part node="0>0|7|8|0|5" startTime="53.999" endTime="54.000" visibility="true"/>
        </animation>
        <animation name="aditiveAnimation">
            <part node="0>0|10|0" startTime="0.000" endTime="0.099" visibility="false"/>
            <part node="0>0|10|0" startTime="0.099" endTime="54.000" visibility="true"/>
            <part node="0>0|8|0|0|0" startTime="0.000" endTime="0.999" visibility="false"/>
            <part node="0>0|8|0|0|0" startTime="0.999" endTime="54.000" visibility="true"/>
            <part node="0>0|8|0|0|1" startTime="0.000" endTime="1.999" visibility="false"/>
            <part node="0>0|8|0|0|1" startTime="1.999" endTime="54.000" visibility="true"/>
            <part node="0>0|8|0|0|2" startTime="0.000" endTime="2.999" visibility="false"/>
            <part node="0>0|8|0|0|2" startTime="2.999" endTime="54.000" visibility="true"/>
            <part node="0>0|8|0|0|3" startTime="0.000" endTime="3.999" visibility="false"/>
            <part node="0>0|8|0|0|3" startTime="3.999" endTime="54.000" visibility="true"/>
            <part node="0>0|8|0|0|4" startTime="0.000" endTime="4.999" visibility="false"/>
            <part node="0>0|8|0|0|4" startTime="4.999" endTime="54.000" visibility="true"/>
            <part node="0>0|8|0|0|5" startTime="0.000" endTime="5.999" visibility="false"/>
            <part node="0>0|8|0|0|5" startTime="5.999" endTime="54.000" visibility="true"/>
            <part node="0>0|10|1" startTime="0.000" endTime="6.099" visibility="false"/>
            <part node="0>0|10|1" startTime="6.099" endTime="54.000" visibility="true"/>
            <part node="0>0|8|1|0|0" startTime="0.000" endTime="6.999" visibility="false"/>
            <part node="0>0|8|1|0|0" startTime="6.999" endTime="54.000" visibility="true"/>
			<part node="0>0|8|1|0|1" startTime="0.000" endTime="7.999" visibility="false"/>
            <part node="0>0|8|1|0|1" startTime="7.999" endTime="54.000" visibility="true"/>
            <part node="0>0|8|1|0|2" startTime="0.000" endTime="8.999" visibility="false"/>
            <part node="0>0|8|1|0|2" startTime="8.999" endTime="54.000" visibility="true"/>
            <part node="0>0|8|1|0|3" startTime="0.000" endTime="9.999" visibility="false"/>
            <part node="0>0|8|1|0|3" startTime="9.999" endTime="54.000" visibility="true"/>
            <part node="0>0|8|1|0|4" startTime="0.000" endTime="10.999" visibility="false"/>
            <part node="0>0|8|1|0|4" startTime="10.999" endTime="54.000" visibility="true"/>
            <part node="0>0|8|1|0|5" startTime="0.000" endTime="11.999" visibility="false"/>
            <part node="0>0|8|1|0|5" startTime="11.999" endTime="54.000" visibility="true"/>
            <part node="0>0|10|2" startTime="0.000" endTime="12.099" visibility="false"/>
            <part node="0>0|10|2" startTime="12.099" endTime="54.000" visibility="true"/>
            <part node="0>0|8|2|0|0" startTime="0.000" endTime="12.999" visibility="false"/>
            <part node="0>0|8|2|0|0" startTime="12.999" endTime="54.000" visibility="true"/>
            <part node="0>0|8|2|0|1" startTime="0.000" endTime="13.999" visibility="false"/>
            <part node="0>0|8|2|0|1" startTime="13.999" endTime="54.000" visibility="true"/>
            <part node="0>0|8|2|0|2" startTime="0.000" endTime="14.999" visibility="false"/>
            <part node="0>0|8|2|0|2" startTime="14.999" endTime="54.000" visibility="true"/>
            <part node="0>0|8|2|0|3" startTime="0.000" endTime="15.999" visibility="false"/>
            <part node="0>0|8|2|0|3" startTime="15.999" endTime="54.000" visibility="true"/>
            <part node="0>0|8|2|0|4" startTime="0.000" endTime="16.999" visibility="false"/>
            <part node="0>0|8|2|0|4" startTime="16.999" endTime="54.000" visibility="true"/>
            <part node="0>0|8|2|0|5" startTime="0.000" endTime="17.999" visibility="false"/>
            <part node="0>0|8|2|0|5" startTime="17.999" endTime="54.000" visibility="true"/>
            <part node="0>0|10|3" startTime="0.000" endTime="18.099" visibility="false"/>
            <part node="0>0|10|3" startTime="18.099" endTime="54.000" visibility="true"/>
            <part node="0>0|8|3|0|0" startTime="0.000" endTime="18.999" visibility="false"/>
			<part node="0>0|8|3|0|0" startTime="18.999" endTime="54.000" visibility="true"/>
            <part node="0>0|8|3|0|1" startTime="0.000" endTime="19.999" visibility="false"/>
            <part node="0>0|8|3|0|1" startTime="19.999" endTime="54.000" visibility="true"/>
            <part node="0>0|8|3|0|2" startTime="0.000" endTime="20.999" visibility="false"/>
            <part node="0>0|8|3|0|2" startTime="20.999" endTime="54.000" visibility="true"/>
            <part node="0>0|8|3|0|3" startTime="0.000" endTime="21.999" visibility="false"/>
            <part node="0>0|8|3|0|3" startTime="21.999" endTime="54.000" visibility="true"/>
            <part node="0>0|8|3|0|4" startTime="0.000" endTime="22.999" visibility="false"/>
            <part node="0>0|8|3|0|4" startTime="22.999" endTime="54.000" visibility="true"/>
            <part node="0>0|8|3|0|5" startTime="0.000" endTime="23.999" visibility="false"/>
            <part node="0>0|8|3|0|5" startTime="23.999" endTime="54.000" visibility="true"/>
            <part node="0>0|10|4" startTime="0.000" endTime="24.099" visibility="false"/>
            <part node="0>0|10|4" startTime="24.099" endTime="54.000" visibility="true"/>
            <part node="0>0|8|4|0|0" startTime="0.000" endTime="24.999" visibility="false"/>
            <part node="0>0|8|4|0|0" startTime="24.999" endTime="54.000" visibility="true"/>
            <part node="0>0|8|4|0|1" startTime="0.000" endTime="25.999" visibility="false"/>
            <part node="0>0|8|4|0|1" startTime="25.999" endTime="54.000" visibility="true"/>
            <part node="0>0|8|4|0|2" startTime="0.000" endTime="26.999" visibility="false"/>
            <part node="0>0|8|4|0|2" startTime="26.999" endTime="54.000" visibility="true"/>
            <part node="0>0|8|4|0|3" startTime="0.000" endTime="27.999" visibility="false"/>
            <part node="0>0|8|4|0|3" startTime="27.999" endTime="54.000" visibility="true"/>
            <part node="0>0|8|4|0|4" startTime="0.000" endTime="28.999" visibility="false"/>
            <part node="0>0|8|4|0|4" startTime="28.999" endTime="54.000" visibility="true"/>
            <part node="0>0|8|4|0|5" startTime="0.000" endTime="29.999" visibility="false"/>
            <part node="0>0|8|4|0|5" startTime="29.999" endTime="54.000" visibility="true"/>
            <part node="0>0|10|5" startTime="0.000" endTime="30.099" visibility="false"/>
            <part node="0>0|10|5" startTime="30.099" endTime="54.000" visibility="true"/>
            <part node="0>0|8|5|0|0" startTime="0.000" endTime="30.999" visibility="false"/>
            <part node="0>0|8|5|0|0" startTime="30.999" endTime="54.000" visibility="true"/>
            <part node="0>0|8|5|0|1" startTime="0.000" endTime="31.999" visibility="false"/>
            <part node="0>0|8|5|0|1" startTime="31.999" endTime="54.000" visibility="true"/>
			<part node="0>0|8|5|0|2" startTime="0.000" endTime="32.999" visibility="false"/>
            <part node="0>0|8|5|0|2" startTime="32.999" endTime="54.000" visibility="true"/>
            <part node="0>0|8|5|0|3" startTime="0.000" endTime="33.999" visibility="false"/>
            <part node="0>0|8|5|0|3" startTime="33.999" endTime="54.000" visibility="true"/>
            <part node="0>0|8|5|0|4" startTime="0.000" endTime="34.999" visibility="false"/>
            <part node="0>0|8|5|0|4" startTime="34.999" endTime="54.000" visibility="true"/>
            <part node="0>0|8|5|0|5" startTime="0.000" endTime="35.999" visibility="false"/>
            <part node="0>0|8|5|0|5" startTime="35.999" endTime="54.000" visibility="true"/>
            <part node="0>0|10|6" startTime="0.000" endTime="36.099" visibility="false"/>
            <part node="0>0|10|6" startTime="36.099" endTime="54.000" visibility="true"/>
            <part node="0>0|8|6|0|0" startTime="0.000" endTime="36.999" visibility="false"/>
            <part node="0>0|8|6|0|0" startTime="36.999" endTime="54.000" visibility="true"/>
            <part node="0>0|8|6|0|1" startTime="0.000" endTime="37.999" visibility="false"/>
            <part node="0>0|8|6|0|1" startTime="37.999" endTime="54.000" visibility="true"/>
            <part node="0>0|8|6|0|2" startTime="0.000" endTime="38.999" visibility="false"/>
            <part node="0>0|8|6|0|2" startTime="38.999" endTime="54.000" visibility="true"/>
            <part node="0>0|8|6|0|3" startTime="0.000" endTime="39.999" visibility="false"/>
            <part node="0>0|8|6|0|3" startTime="39.999" endTime="54.000" visibility="true"/>
            <part node="0>0|8|6|0|4" startTime="0.000" endTime="40.999" visibility="false"/>
            <part node="0>0|8|6|0|4" startTime="40.999" endTime="54.000" visibility="true"/>
            <part node="0>0|8|6|0|5" startTime="0.000" endTime="41.999" visibility="false"/>
            <part node="0>0|8|6|0|5" startTime="41.999" endTime="54.000" visibility="true"/>
            <part node="0>0|10|7" startTime="0.000" endTime="42.099" visibility="false"/>
            <part node="0>0|10|7" startTime="42.099" endTime="54.000" visibility="true"/>
            <part node="0>0|8|7|0|0" startTime="0.000" endTime="42.999" visibility="false"/>
            <part node="0>0|8|7|0|0" startTime="42.999" endTime="54.000" visibility="true"/>
            <part node="0>0|8|7|0|1" startTime="0.000" endTime="43.999" visibility="false"/>
			<part node="0>0|8|7|0|1" startTime="43.999" endTime="54.000" visibility="true"/>
            <part node="0>0|8|7|0|2" startTime="0.000" endTime="44.999" visibility="false"/>
            <part node="0>0|8|7|0|2" startTime="44.999" endTime="54.000" visibility="true"/>
            <part node="0>0|8|7|0|3" startTime="0.000" endTime="45.999" visibility="false"/>
            <part node="0>0|8|7|0|3" startTime="45.999" endTime="54.000" visibility="true"/>
            <part node="0>0|8|7|0|4" startTime="0.000" endTime="46.999" visibility="false"/>
            <part node="0>0|8|7|0|4" startTime="46.999" endTime="54.000" visibility="true"/>
            <part node="0>0|8|7|0|5" startTime="0.000" endTime="47.999" visibility="false"/>
            <part node="0>0|8|7|0|5" startTime="47.999" endTime="54.000" visibility="true"/>
            <part node="0>0|10|8" startTime="0.000" endTime="48.099" visibility="false"/>
            <part node="0>0|10|8" startTime="48.099" endTime="54.000" visibility="true"/>
            <part node="0>0|8|8|0|0" startTime="0.000" endTime="48.999" visibility="false"/>
            <part node="0>0|8|8|0|0" startTime="48.999" endTime="54.000" visibility="true"/>
            <part node="0>0|8|8|0|1" startTime="0.000" endTime="49.999" visibility="false"/>
            <part node="0>0|8|8|0|1" startTime="49.999" endTime="54.000" visibility="true"/>
            <part node="0>0|8|8|0|2" startTime="0.000" endTime="50.999" visibility="false"/>
            <part node="0>0|8|8|0|2" startTime="50.999" endTime="54.000" visibility="true"/>
            <part node="0>0|8|8|0|3" startTime="0.000" endTime="51.999" visibility="false"/>
            <part node="0>0|8|8|0|3" startTime="51.999" endTime="54.000" visibility="true"/>
            <part node="0>0|8|8|0|4" startTime="0.000" endTime="52.999" visibility="false"/>
            <part node="0>0|8|8|0|4" startTime="52.999" endTime="54.000" visibility="true"/>
            <part node="0>0|8|8|0|5" startTime="0.000" endTime="53.999" visibility="false"/>
            <part node="0>0|8|8|0|5" startTime="53.999" endTime="54.000" visibility="true"/>
        </animation>
    </animations>

    <fillUnit>
        <fillUnitConfigurations>
            <fillUnitConfiguration>
                <fillUnits>
                    <fillUnit unitTextOverride="$l10n_unit_literShort" fillTypes="liquidFertilizer" capacity="13500" fillLitersPerSecond="250">
                        <dashboard displayType="ANIMATION" valueType="fillLevel" animName="fertilizanteAnimation"/>
                        <exactFillRootNode node="exactFillRoot"/>
                        <autoAimTargetNode node="exactFillRoot" />
                    </fillUnit>
					<unloading width="16" offset="0 0 -6"/>
                </fillUnits>
                <objectChange node="0>0|4" visibilityActive="true" visibilityInactive="false"/>
				<objectChange node="logo" visibilityActive="true" visibilityInactive="false"/>
            </fillUnitConfiguration>
            <fillUnitConfiguration>
                <fillUnits>
                    <fillUnit unitTextOverride="$l10n_unit_literShort" fillTypes="herbicide" capacity="13500" fillLitersPerSecond="250">
                        <dashboard displayType="ANIMATION" valueType="fillLevel" animName="herbicidaAnimation"/>
                        <exactFillRootNode node="exactFillRoot"/>
                        <autoAimTargetNode node="exactFillRoot" />
                    </fillUnit>
					<unloading width="16" offset="0 0 -6"/>
                </fillUnits>
                <objectChange node="0>0|5" visibilityActive="true" visibilityInactive="false"/>
				<objectChange node="logo1" visibilityActive="true" visibilityInactive="false"/>
            </fillUnitConfiguration>
            <fillUnitConfiguration>
                <fillUnits>
                    <fillUnit unitTextOverride="$l10n_unit_literShort" fillTypes="diesel" capacity="13500" fillLitersPerSecond="250">
                        <dashboard displayType="ANIMATION" valueType="fillLevel" animName="dieselAnimation"/>
                        <exactFillRootNode node="exactFillRoot"/>
                        <autoAimTargetNode node="exactFillRoot" />
                    </fillUnit>
					<unloading width="16" offset="0 0 -6"/>
                </fillUnits>
                <objectChange node="0>0|6" visibilityActive="true" visibilityInactive="false"/>
				<objectChange node="logo2" visibilityActive="true" visibilityInactive="false"/>
            </fillUnitConfiguration>
            <fillUnitConfiguration>
                <fillUnits>
                    <fillUnit unitTextOverride="$l10n_unit_literShort" fillTypes="water" capacity="13500" fillLitersPerSecond="250">
                        <dashboard displayType="ANIMATION" valueType="fillLevel" animName="aguaAnimation"/>
                        <exactFillRootNode node="exactFillRoot"/>
                        <autoAimTargetNode node="exactFillRoot" />
                    </fillUnit>
					<unloading width="16" offset="0 0 -6"/>
                </fillUnits>
                <objectChange node="0>0|7" visibilityActive="true" visibilityInactive="false"/>
				<objectChange node="logo3" visibilityActive="true" visibilityInactive="false"/>
            </fillUnitConfiguration>
            <fillUnitConfiguration>
                <fillUnits>
                    <fillUnit unitTextOverride="$l10n_unit_literShort" fillTypes="SILAGE_ADDITIVE" capacity="13500" fillLitersPerSecond="250">
                        <dashboard displayType="ANIMATION" valueType="fillLevel" animName="aditiveAnimation"/>
                        <exactFillRootNode node="exactFillRoot"/>
                        <autoAimTargetNode node="exactFillRoot" />
                    </fillUnit>
					<unloading width="16" offset="0 0 -6"/>
                </fillUnits>
                <objectChange node="0>0|8" visibilityActive="true" visibilityInactive="false"/>
				<objectChange node="logo4" visibilityActive="true" visibilityInactive="false"/>
            </fillUnitConfiguration>
        </fillUnitConfigurations>
    </fillUnit>

    <fillTriggerVehicle triggerNode="Filltrigger" fillUnitIndex="1" litersPerSecond="250"/>
	
    <dischargeable requiresTipOcclusionArea="false">
        <dischargeNode node="0>" canStartDischargeAutomatically="true" emptySpeed="1000" fillUnitIndex="1" maxDistance="6">
            <trigger node="0>1|4"/>
        </dischargeNode>
    </dischargeable>

    <foliageBending>
        <bendingNode minX="-1.35" maxX="1.35" minZ="-3.5" maxZ="4.1" yOffset="0.2"/>
    </foliageBending>

    <baseMaterial>
        <material name="erShaba_mat" baseNode="plataforma_vis">
            <shaderParameter name="colorMat0" value="0.2550 0.1450 0.0550 0"/>
        </material>
    </baseMaterial>

    <baseMaterialConfigurations useDefaultColors="false" price="1000">
		<baseMaterialConfiguration name="$l10n_satinBrown" color="0.2550 0.1450 0.0550" material="27" />
		<baseMaterialConfiguration name="$l10n_satinWhite" color="CLAAS_WHITE1" material="27" price="1000" />
		<baseMaterialConfiguration name="$l10n_satinBlue" color="0.0000 0.4048 0.7520 0" material="27" price="1000"/>
		<baseMaterialConfiguration name="$l10n_satinGreen" color="0.0075 0.276 0.053 0" material="27" price="1000"/>
		<baseMaterialConfiguration name="$l10n_satinRed" color="0.5608 0.0039 0.0039 0" material="27" price="1000"/>
		<baseMaterialConfiguration name="$l10n_satinBlack" color="DEUTZ_BLACK1" material="27" price="1000"/>
		<baseMaterialConfiguration name="$l10n_satinOrange" color="0.7680 0.2090 0.0370 0" material="27" price="1000"/>
		<baseMaterialConfiguration name="$l10n_satinYellow" color="JOHNDEERE_YELLOW1" material="27" price="1000"/>
		<baseMaterialConfiguration name="$l10n_satinPink" color="0.5925 0.187 0.3725 0" material="27" price="1000"/>
		<baseMaterialConfiguration name="$l10n_satinGray" color="0.1220 0.1200 0.1200 0" material="27" price="1000"/>
            <material name="erShaba_mat" shaderParameter="colorMat0"/>
    </baseMaterialConfigurations>

    <wearable wearDuration="480" workMultiplier="5" fieldMultiplier="2"/>
    <washable dirtDuration="90" washDuration="1" workMultiplier="3" fieldMultiplier="2"/>
	
    <i3dMappings>
        <i3dMapping id="plataforma_main_component1" node="0>"/>
        <i3dMapping id="plataforma_vis" node="0>0"/>
        <i3dMapping id="rulo1" node="0>0|0"/>
        <i3dMapping id="rulo2" node="0>0|1"/>
        <i3dMapping id="attacherJoint" node="0>0|2"/>
        <i3dMapping id="exactFillRoot" node="0>0|3|1"/>
        <i3dMapping id="Filltrigger" node="0>0|3|2"/>
        <i3dMapping id="panel" node="0>0|9"/>
        <i3dMapping id="logo" node="0>0|9|0"/>
        <i3dMapping id="logo1" node="0>0|9|1"/>
        <i3dMapping id="logo2" node="0>0|9|2"/>
        <i3dMapping id="logo3" node="0>0|9|3"/>
        <i3dMapping id="logo4" node="0>0|9|4"/>
    </i3dMappings>

</vehicle>
