<?xml version="1.0" encoding="utf-8" standalone="no"?>
<modDesc descVersion="63">
    <author>GtX</author>

    <version>1.0.0.0</version>

    <title>
        <en>Amazone Profihopper</en>
    </title>

    <description>
        <en>
        <![CDATA[Price: 5.900 $
Maximum working speed: 12 kph
Power: 24.5 hp
Working width: 1.25m

Options:
  - Standard
  - Black Edition
]]>
        </en>
        <de>
        <![CDATA[Preis: 5.900 €
Arbeitsgeschwindigkeit: 12 km/h
Leistung: 24.5 PS
Arbeitsbreite: 1.25m

Optionen:
  - Standard
  - Schwarze Edition
]]>
        </de>
        <fr>
        <![CDATA[Prix: 5.900 €
Vitesse de travail: 12 km/h
Puissance: 24.5 ch
Largeur de travail: 1.25m

Options:
  - Standard
  - Edition Noir
]]>
        </fr>
    </description>

    <iconFilename>icon_profihopper.dds</iconFilename>
    <multiplayer supported="true"/>

    <storeItems>
        <storeItem xmlFilename="profihopper.xml"/>
    </storeItems>

    <l10n>
        <text name="configuration_blackEdition">
            <en>Black Edition</en>
            <de>Schwarze Edition</de>
            <fr>Edition Noir</fr>
            <es>Edicion Negra</es>
            <ru>Черное издание</ru>
        </text>

        <text name="configuration_rolloverProtection">
            <en>Rollover Protection</en>
            <de>Überrollschutz</de>
            <fr>Protection contre le retournement</fr>
            <es>Protección contra vuelcos</es>
            <ru>Защита от опрокидывания</ru>
        </text>
    </l10n>

    <vehicleTypes>
        <type name="selfPropelledMowerFillable" parent="baseDrivable" className="Vehicle" filename="$dataS/scripts/vehicles/Vehicle.lua">
            <specialization name="fillVolume"/>
            <specialization name="dischargeable"/>
            <specialization name="trailer"/>
            <specialization name="groundReference"/>
            <specialization name="workArea"/>
            <specialization name="workParticles"/>
            <specialization name="turnOnVehicle"/>
            <specialization name="mower"/>
            <specialization name="powerConsumer"/>
            <specialization name="foldable"/>
            <specialization name="cylinderedFoldable"/>
            <specialization name="workMode"/>
        </type>
    </vehicleTypes>
</modDesc>
