<?xml version="1.0" encoding="utf-8" standalone="no"?>
<vehicle type="selfPropelledMowerFillable" xmlns:xsi="http://www.w3.org/2001/XMLSchema-instance" xsi:noNamespaceSchemaLocation="https://validation.gdn.giants-software.com/xml/fs22/vehicle.xsd">
    <storeData>
        <name>Profihopper</name>
        <specs>
            <workingWidth>1.2</workingWidth>
            <power>25</power>
        </specs>
        <functions>
            <function>$l10n_function_mower</function>
        </functions>
        <image>store_profihopper.dds</image>
        <price>5900</price>
        <lifetime>600</lifetime>
        <rotation>0</rotation>
        <brand>AMAZONE</brand>
        <category>mowerVehicles</category>
        <vertexBufferMemoryUsage>638464</vertexBufferMemoryUsage>
        <indexBufferMemoryUsage>99328</indexBufferMemoryUsage>
        <textureMemoryUsage>3407872</textureMemoryUsage>
        <audioMemoryUsage>0</audioMemoryUsage>
        <instanceVertexBufferMemoryUsage>0</instanceVertexBufferMemoryUsage>
        <instanceIndexBufferMemoryUsage>0</instanceIndexBufferMemoryUsage>
    </storeData>

    <base>
        <typeDesc>$l10n_typeDesc_mower</typeDesc>
        <filename>profihopper.i3d</filename>

        <size width="1.5" length="2.5"/>
        <schemaOverlay name="VEHICLE" attacherJointPosition="0 0"/>
        <mapHotspot type="TRACTOR" />

        <components>
            <component centerOfMass="0 0.41 0" solverIterationCount="15" mass="1100"/>
        </components>

        <sounds filename="sounds/amazoneProfihopper.xml"/>
    </base>

    <wheels>
        <wheelConfigurations>
            <wheelConfiguration name="$l10n_configuration_valueDefault" price="0" brand="TRELLEBORG">
                <wheels autoRotateBackSpeed="2.2" ackermannSteeringIndex="1">

                    <wheel filename="$data/shared/wheels/tires/trelleborg/T510/18x8_50R8.xml" isLeft="true" hasTireTracks="true" hasParticles="true">
                        <physics tipOcclusionAreaGroupId="1" restLoad="0.20" repr="wheelFrontLeft" forcePointRatio="0.5" initialCompression="22" suspTravel="0.19" spring="10" damper="40" frictionScale="3.6"/>
                    </wheel>
                    <wheel filename="$data/shared/wheels/tires/trelleborg/T510/18x8_50R8.xml" isLeft="false" hasTireTracks="true" hasParticles="true">
                        <physics tipOcclusionAreaGroupId="1" restLoad="0.20" repr="wheelFrontRight" forcePointRatio="0.5" initialCompression="22" suspTravel="0.19" spring="10" damper="40" frictionScale="3.6"/>
                    </wheel>
                    <wheel filename="$data/shared/wheels/tires/trelleborg/T510/16x6_50R8.xml" isLeft="true" hasTireTracks="true" hasParticles="true">
                        <physics tipOcclusionAreaGroupId="1" rotSpeed="1" restLoad="0.20" repr="wheelBackLeft" driveNode="driveNodeLeft" forcePointRatio="0.5" initialCompression="22" suspTravel="0.19" spring="10" damper="40" frictionScale="3.6"/>
                    </wheel>
                    <wheel filename="$data/shared/wheels/tires/trelleborg/T510/16x6_50R8.xml" isLeft="false" hasTireTracks="true" hasParticles="true">
                        <physics tipOcclusionAreaGroupId="1" rotSpeed="1" restLoad="0.20" repr="wheelBackRight" driveNode="driveNodeRight" forcePointRatio="0.5" initialCompression="22" suspTravel="0.19" spring="10" damper="40" frictionScale="3.6"/>
                    </wheel>
                    <wheel filename="$data/shared/wheels/tires/trelleborg/T510/2_50R3.xml" isLeft="true">
                        <physics restLoad="0.20" repr="cutterWheelLeft" driveNode="cutterWheelLeftRep" radius="0.108" width="0.074" mass="0.001" brakeFactor="0" initialCompression="10" suspTravel="0.05" spring="15" damper="10" rotationDamping="0.002" versatileYRot="true" frictionScale="1.0"/>
                    </wheel>
                    <wheel filename="$data/shared/wheels/tires/trelleborg/T510/2_50R3.xml" isLeft="false">
                        <physics restLoad="0.20" repr="cutterWheelRight" driveNode="cutterWheelRightRep" radius="0.108" width="0.074" mass="0.001" brakeFactor="0" initialCompression="10" suspTravel="0.05" spring="15" damper="10" rotationDamping="0.002" versatileYRot="true" frictionScale="1.0"/>
                    </wheel>
                </wheels>
            </wheelConfiguration>
        </wheelConfigurations>

        <hubs>
            <color0 useRimColor="true"/>
            <hub linkNode="driveNodeLeft" filename="$data/shared/wheels/hubs/hub_n6_1.xml" isLeft="true" scale="0.05 0.12 0.12">
                <color0>SHARED_BLACK1</color0>
                <color1>SHARED_GREY2</color1>
            </hub>
            <hub linkNode="driveNodeRight" filename="$data/shared/wheels/hubs/hub_n6_1.xml" isLeft="false" scale="0.05 0.12 0.12">
                <color0>SHARED_BLACK1</color0>
                <color1>SHARED_GREY2</color1>
            </hub>
            <hub linkNode="wheelFrontLeft" filename="$data/shared/wheels/hubs/hub_n6_1.xml" isLeft="true" scale="0.05 0.12 0.12">
                <color0>SHARED_BLACK1</color0>
                <color1>SHARED_GREY2</color1>
            </hub>
            <hub linkNode="wheelFrontRight" filename="$data/shared/wheels/hubs/hub_n6_1.xml" isLeft="false" scale="0.05 0.12 0.12">
                <color0>SHARED_BLACK1</color0>
                <color1>SHARED_GREY2</color1>
            </hub>
            <hub linkNode="cutterWheelLeftRep" filename="$data/shared/wheels/hubs/hubSmall_n0_1.xml" isLeft="true" scale="0.07 0.09 0.09"/>
            <hub linkNode="cutterWheelLeftRep" filename="$data/shared/wheels/hubs/hubSmall_n0_1.xml" isLeft="false" scale="0.07 0.09 0.09"/>
            <hub linkNode="cutterWheelRightRep" filename="$data/shared/wheels/hubs/hubSmall_n0_1.xml" isLeft="false" scale="0.07 0.09 0.09"/>
            <hub linkNode="cutterWheelRightRep" filename="$data/shared/wheels/hubs/hubSmall_n0_1.xml" isLeft="true" scale="0.07 0.09 0.09"/>
        </hubs>

        <ackermannSteeringConfigurations>
            <ackermannSteering rotSpeed="45" rotMax="60" rotCenterWheel1="1" rotCenterWheel2="2"/>
        </ackermannSteeringConfigurations>
    </wheels>

    <rimColorConfigurations useDefaultColors="false" price="200">
        <rimColorConfiguration color="AMAZONE_BEIGE1" name="Amazone %s" params="$l10n_ui_colorBeige"/>
        <rimColorConfiguration color="AMAZONE_GREEN1" name="Amazone %s" params="$l10n_ui_colorGreen"/>
        <rimColorConfiguration color="SHARED_WHITE1"  material="18" name="$l10n_ui_colorSilver"/>
    </rimColorConfigurations>

    <lights>
        <states>
            <state lightTypes="0"/>
        </states>

        <realLights>
            <low>
                <light node="frontLightLow" lightTypes="0"/>
                <brakeLight node="backLightsLow"/>
                <turnLightLeft node="turnLightsLeft"/>
                <turnLightRight node="turnLightsRight"/>
            </low>
            <high>
                <light node="frontLightHigh" lightTypes="0"/>
                <light node="backLightsHigh" lightTypes="0"/>

                <turnLightLeft node="turnLightsLeft"/>
                <turnLightRight node="turnLightsRight"/>

                <brakeLight node="backLightsHigh"/>
            </high>
        </realLights>

        <beaconLights>
            <beaconLight node="beaconLight" filename="$data/shared/assets/beaconLights/lizard/beaconLight05.xml"/>
        </beaconLights>

        <sharedLight linkNode="frontLeft" filename="$data/shared/assets/lights/lizard/frontLight03_left.xml"/>
        <sharedLight linkNode="frontRight" filename="$data/shared/assets/lights/lizard/frontLight03_right.xml"/>
        <sharedLight linkNode="backLeft" filename="$data/shared/assets/lights/lizard/rearLight05_left.xml"/>
        <sharedLight linkNode="backRight" filename="$data/shared/assets/lights/lizard/rearLight05_right.xml"/>
        <sharedLight linkNode="backReflectorLeft" filename="$data/shared/assets/reflectors/lizard/redRectangle_01.xml"/>
        <sharedLight linkNode="backReflectorRight" filename="$data/shared/assets/reflectors/lizard/redRectangle_01.xml"/>

        <dashboards>
            <dashboard valueType="lightState" displayType="EMITTER" node="decalLights" intensity="0.1" lightTypes="0"/>
            <dashboard valueType="lightState" displayType="EMITTER" node="iconDefaultLightDecal" baseColor="BLACK" emitColor="GREEN" intensity="2" lightTypes="0" excludedLightTypes="3"/>

            <dashboard displayType="EMITTER" valueType="turnLightLeft"  node="iconTurnLeftDecal" baseColor="BLACK" emitColor="GREEN" groups="MOTOR_ACTIVE"/>
            <dashboard displayType="EMITTER" valueType="turnLightRight"  node="iconTurnRightDecal" baseColor="BLACK" emitColor="GREEN" groups="MOTOR_ACTIVE"/>

            <dashboard valueType="turnLightHazard" displayType="EMITTER" groups="MOTOR_ACTIVE" node="iconHazardDecal" baseColor="BLACK" emitColor="RED" intensity="4"/>
            <dashboard valueType="beaconLight" displayType="EMITTER" groups="MOTOR_ACTIVE" node="iconBeaconLightButtonDecal" baseColor="BLACK" emitColor="ORANGE"/>
        </dashboards>
    </lights>

    <groundReferenceNodes>
        <groundReferenceNode node="groundReference" threshold="0.35" onlyActiveWhenLowered="false"/>
    </groundReferenceNodes>

    <workAreas>
        <workArea type="mower" functionName="processMowerArea" disableBackwards="false" >
            <area startNode="workAreaStart" widthNode="workAreaWidth" heightNode="workAreaHeight" />
            <groundReferenceNode index="1" />
            <folding minLimit="0" maxLimit="0.2" />
            <mower dropWindrow="false" />
        </workArea>
    </workAreas>

    <mower fruitTypeConverter="MOWER" fillUnitIndex="1" pickupFillScale="0.6">
        <animationNodes>
            <animationNode node="cutterBlade" rotSpeed="2500" rotAxis="1" turnOnFadeTime="2" turnOffFadeTime="6"/>
        </animationNodes>
    </mower>

    <licensePlates>
        <licensePlate node="licensePlateBack"  position="BACK"  preferedType="ELONGATED" placementArea="0.045 0.22 0.045 0.22"/>
    </licensePlates>

    <enterable isTabbable="true">
        <exitPoint node="exitPoint"/>
        <enterReferenceNode node="profihopper_main_component1"/>

        <characterNode node="playerBodyTarget" cameraMinDistance="1.2" spineRotation="-90 0 90">
            <target ikChain="rightFoot" targetNode="playerRightLegTarget"/>
            <target ikChain="leftFoot" targetNode="playerLeftLegTarget"/>
            <target ikChain="rightArm" targetNode="playerRightHandTarget" poseId="flatFingers"/>
            <target ikChain="leftArm" targetNode="playerLeftHandTarget" poseId="narrowFingers"/>
        </characterNode>

        <cameras>
            <camera node="outdoorCamera" rotatable="true" rotateNode="outdoorCameraTarget" limit="true" useWorldXZRotation="true" rotMinX="-1.4" rotMaxX="1" transMin="3.5" transMax="40" translation="0 0 5.75" rotation="-10 180 0">
                <raycastNode node="cameraRaycastNode1"/>
                <raycastNode node="cameraRaycastNode2"/>
            </camera>
            <camera node="indoorCamera" rotatable="true" limit="true" rotMinX="-1.1" rotMaxX="0.4" transMin="0" transMax="0" useMirror="false" isInside="true" useOutdoorSounds="true" positionSmoothingParameter="0"/>
        </cameras>
    </enterable>

    <motorized>
        <consumerConfigurations>
            <consumerConfiguration>
                <consumer fillUnitIndex="2" usage="5" fillType="diesel"/>
            </consumerConfiguration>
        </consumerConfigurations>

        <motorConfigurations>
            <motorConfiguration price="0">
                <motor torqueScale="0.314" minRpm="10" maxRpm="760" maxForwardSpeed="12" maxBackwardSpeed="6" brakeForce="0.6" lowBrakeForceScale="0.3" lowBrakeForceSpeedLimit="1">
                    <torque normRpm="0.45" torque="0.9"/>
                    <torque normRpm="0.5" torque="0.97"/>
                    <torque normRpm="0.59" torque="1"/>
                    <torque normRpm="0.72" torque="1"/>
                    <torque normRpm="0.86" torque="0.88"/>
                    <torque normRpm="1" torque="0.72"/>
                </motor>
                <transmission minForwardGearRatio="19.7" maxForwardGearRatio="130" minBackwardGearRatio="50" maxBackwardGearRatio="130"/>
            </motorConfiguration>
        </motorConfigurations>

        <differentialConfigurations>
            <differentialConfiguration>
                <differentials>
                    <differential torqueRatio="0.5" maxSpeedRatio="1.2" wheelIndex1="1" wheelIndex2="2"/>
                    <differential torqueRatio="0.5" maxSpeedRatio="1.3" wheelIndex1="3" wheelIndex2="4"/>
                    <differential torqueRatio="0.5" maxSpeedRatio="1.1" differentialIndex1="1" differentialIndex2="2"/>
                </differentials>
            </differentialConfiguration>
        </differentialConfigurations>

        <exhaustEffects>
            <exhaustEffect node="exhaustParticle1" filename="$data/effects/exhaust/exhaust.i3d" minRpmColor="0.9 0.9 0.9 0.1" maxRpmColor="0.9 0.9 0.9 0.4" minRpmScale="0.015" maxRpmScale="0.065"/>
        </exhaustEffects>

        <motorStartDuration>1000</motorStartDuration>

        <dashboards>
            <dashboard displayType="TEXT" valueType="speed" node="numbersSpeed01" textColor="0 0 0 1" textSize="0.016" textMask="00" font="DIGIT" groups="MOTOR_ACTIVE"/>

            <dashboard valueType="speed" displayType="ANIMATION" groups="MOTOR_ACTIVE" animName="speedNumbersCentering" minValueAnim="9" maxValueAnim="15"/>
            <dashboard valueType="speed" displayType="ANIMATION" groups="MOTOR_ACTIVE" animName="pedelLock" minValueAnim="0" maxValueAnim="0.1"/>

            <dashboard displayType="MULTI_STATE" valueType="ignitionState" node="key" doInterpolation="true" groups="MOTOR_ACTIVE">
                <state value="0" rotation="0 0 0"/>
                <state value="1" rotation="0 -75 0"/>
                <state value="2" rotation="0 -40 0"/>
            </dashboard>
        </dashboards>
    </motorized>

    <drivable>
        <dashboards>
            <dashboard baseColor="BLACK" displayType="ROT" doInterpolation="true" groups="MOTOR_ACTIVE" maxRot="18 0 0" minRot="-10 0 0" node="pedelMovement" valueType="movingDirection"/>
            <dashboard baseColor="BLACK" displayType="EMITTER" emitColor="YELLOW" groups="MOTOR_ACTIVE" node="iconCruiseControlDecal" valueType="cruiseControlActive"/>
            <dashboard baseColor="BLACK" displayType="EMITTER" emitColor="GREEN" groups="MOTOR_ACTIVE" node="iconForwardDecal" valueType="directionForward"/>

            <dashboard displayType="EMITTER" emitColor="GREEN" groups="MOTOR_ACTIVE" node="iconBackwardsDecal" valueType="directionBackward"/>
        </dashboards>

        <steeringWheel indoorRotation="360" node="steeringWheel" outdoorRotation="20"/>
    </drivable>

    <animations>
        <animation name="tipAnimationLow">
            <part node="groundReference"    startTime="0.0" endTime="0.1" startTrans="0 -0.351 0" endTrans="0 100 0"/>
            <part node="containerBar"       startTime="0.0" endTime="3.0" startRot="0 0 0" endRot="20 0 0"/>
            <part node="containerBarPart"   startTime="0.0" endTime="3.0" startRot="0 0 0" endRot="-35 0 0"/>
            <part node="container"          startTime="0.0" endTime="5.0" startRot="0 0 0" endRot="-97 0 0"/>
            <part node="containerHatch"     startTime="4.1" endTime="4.9" startRot="0 0 0" endRot="35 0 0"/>

            <sound template="defaultHydraulicSound" startTime="0"  endTime="5"    volumeScale="1.1"   pitchScale="0.8" fadeIn="0.1" fadeOut="0.1" />
            <sound template="hingeSmall"            startTime="4.1"  direction="1" volumeScale="0.2" pitchScale="0.7" />
            <sound template="hingeSmall"            startTime="4.9"  direction="-1" volumeScale="0.2" pitchScale="0.7" />
            <sound template="cylinderPunch"         startTime="0.2"  direction="-1" volumeScale="0.4" pitchScale="2" />
        </animation>
        <animation name="tipAnimationHigh">
            <part node="groundReference"    startTime="0.0" endTime="0.1" startTrans="0 -0.351 0" endTrans="0 100 0"/>
            <part node="containerBar"       startTime="0.0" endTime="4.0" startRot="0 0 0" endRot="84 0 0"/>
            <part node="containerBarPart"   startTime="0.0" endTime="4.0" startRot="0 0 0" endRot="-80.45 0 0"/>
            <part node="container"          startTime="4.0" endTime="9.0" startRot="0 0 0" endRot="-97 0 0"/>
            <part node="containerHatch"     startTime="8.4" endTime="8.9" startRot="0 0 0" endRot="35 0 0"/>

            <sound template="defaultHydraulicSound" startTime="0"  endTime="9"    volumeScale="1.1"   pitchScale="0.8" fadeIn="0.1" fadeOut="0.1" />
            <sound template="hingeSmall"            startTime="8.4"  direction="1" volumeScale="0.2" pitchScale="0.7" />
            <sound template="hingeSmall"            startTime="8.9"  direction="-1" volumeScale="0.2" pitchScale="0.7" />
            <sound template="cylinderPunch"         startTime="0.2"  direction="-1" volumeScale="0.4" pitchScale="2" />
        </animation>
        <animation name="mowerDeckAnimation">
            <part node="cutterDeck" startTime="0" endTime="1" startTrans="0 0.411 0.720" endTrans="0 0.29 0.722" startRot="0 0 0" endRot="8 0 0"/>
            <sound template="defaultHydraulicSound" startTime="0"  endTime="1"    volumeScale="1.2"   pitchScale="0.8" fadeIn="0.1" fadeOut="0.1" />
        </animation>
        <animation name="pedelLock">
            <part node="pedelLock" startTime="0" endTime="1" startTrans="-0.109 0.866 0.920" endTrans="-0.109 0.906 0.919"/>
        </animation>
        <animation name="speedNumbersCentering">
            <part node="numbersSpeed" startTime="0"   endTime="0.1" startTrans="-0.004 0.862 0.931" endTrans="-0.011 0.862 0.931"/>
            <part node="numbersSpeed" startTime="0.1" endTime="1"   startTrans="-0.011 0.862 0.931" endTrans="-0.011 0.862 0.931"/>
        </animation>
    </animations>

    <cylindered>
        <movingParts>
            <movingPart isActiveDirty="true" maxUpdateDistance="50" node="containerSupportBar" referenceFrame="containerSupportBarRefFrame" referencePoint="containerSupportBarRefPoint" scaleZ="true"/>
            <movingPart isActiveDirty="true" maxUpdateDistance="50" node="containerHydraulic" referenceFrame="containerBarRefFrame" referencePoint="containerSupportBarRef">
                <translatingPart node="containerHydraulicPunch"/>
            </movingPart>
            <movingPart node="hydraulicTilt" referenceFrame="hydraulicTiltRefFrame" referencePoint="containerRefPoint">
                <translatingPart node="hydraulicTiltPunch"/>
            </movingPart>


            <movingPart node="wheelHydraulicLeft" referencePoint="leftWheelRefPoint" referenceFrame="leftWheelRefPoint" isActiveDirty="true" maxUpdateDistance="50">
                <translatingPart node="wheelHydraulicLeftPunch"/>
            </movingPart>

            <movingPart node="wheelHydraulicRight" referencePoint="rightWheelRefPoint" referenceFrame="leftWheelRefPoint" isActiveDirty="true" maxUpdateDistance="50">
                <translatingPart node="wheelHydraulicRightPunch"/>
            </movingPart>
        </movingParts>

        <movingTools>
            <movingTool node="containerBar" playSound="true">
                <dependentPart node="containerSupportBar"/>
                <dependentPart node="containerHydraulic"/>
            </movingTool>
            <movingTool node="container" playSound="true">
                <dependentPart node="hydraulicTilt"/>
            </movingTool>
            <movingTool node="cutterDeck" playSound="true" wheelIndices="5 6">
                <dependentPart node="cutterWheelLeft"/>
                <dependentPart node="cutterWheelRight"/>
            </movingTool>
        </movingTools>
    </cylindered>

    <fillUnit>
        <fillUnitConfigurations>
            <fillUnitConfiguration>
                <fillUnits>
                    <fillUnit capacity="1200" fillTypes="GRASS_WINDROW STRAW" showOnHud="true" showInShop="true" unitTextOverride="$l10n_unit_literShort">
                        <dashboard valueType="fillLevelWarning" displayType="EMITTER" groups="MOTOR_ACTIVE" node="iconHopperFullDecal" baseColor="BLACK" emitColor="RED" warningThresholdMin="1000"/>
                    </fillUnit>
                    <fillUnit capacity="20" fillTypes="DIESEL" showOnHud="false" showInShop="false" unitTextOverride="$l10n_unit_literShort">
                        <dashboard valueType="fillLevelWarning" displayType="EMITTER" groups="MOTOR_ACTIVE" node="iconLowFuelDecal" baseColor="BLACK" emitColor="RED" warningThresholdMax="5"/>
                    </fillUnit>
                </fillUnits>
            </fillUnitConfiguration>
        </fillUnitConfigurations>
    </fillUnit>

    <fillVolume>
        <fillVolumeConfigurations>
            <fillVolumeConfiguration>
                <volumes>
                    <volume node="fillVolume" fillUnitIndex="1" maxDelta="0.4" maxAllowedHeapAngle="1" maxSubDivEdgeLength="5"/>
                </volumes>
            </fillVolumeConfiguration>
        </fillVolumeConfigurations>

        <unloadInfos>
            <unloadInfo>
                <node node="fillVolumeUnloadInfo" width="1.0" length="2.0"/>
            </unloadInfo>
        </unloadInfos>

        <heightNodes>
            <heightNode fillVolumeIndex="1">
                <refNode node="fillVolumeHeightNodes1"/>
                <refNode node="fillVolumeHeightNodes2"/>
                <node node="effectParticleLow" baseScale="0.6 0.8 0.2" scaleAxis="0 1 0" transAxis="0 0 0"/>
            </heightNode>
            <heightNode fillVolumeIndex="1">
                <refNode node="fillVolumeHeightNodes1"/>
                <refNode node="fillVolumeHeightNodes2"/>
                <node node="effectParticleHigh" baseScale="0.6 0.8 0.2" scaleAxis="0 1 0" transAxis="0 0 0"/>
            </heightNode>
        </heightNodes>
    </fillVolume>

    <dischargeable>
        <dischargeableConfigurations>
            <dischargeableConfiguration>
                <dischargeNode node="dischargeNodeLow" emptySpeed="100" fillUnitIndex="1" unloadInfoIndex="1" allowAIDischarge="true">
                    <info length="0.5" width="1.0" zOffset="-1"/>

                    <effects>
                        <effectNode effectClass="TipEffect">
                            <effectNode effectNode="effectParticleLow" effectClass="ParticleEffect" materialType="unloadingParticle" emitCountScale="1.5"/>
                        </effectNode>
                        <effectNode effectNode="effectSmoke" materialType="unloadingSmoke" fadeTime="0.5" />
                    </effects>
                </dischargeNode>

                <dischargeNode node="dischargeNodeHigh" emptySpeed="100" fillUnitIndex="1" unloadInfoIndex="1" allowAIDischarge="false">
                    <info length="0.5" width="1.0" zOffset="-1"/>

                    <effects>
                        <effectNode effectClass="TipEffect">
                            <effectNode effectNode="effectParticleHigh" effectClass="ParticleEffect" materialType="unloadingParticle" emitCountScale="1.5"/>
                        </effectNode>
                        <effectNode effectNode="effectSmoke" materialType="unloadingSmoke" fadeTime="0.5" />
                    </effects>
                </dischargeNode>

            </dischargeableConfiguration>
        </dischargeableConfigurations>
    </dischargeable>

    <trailer>
        <trailerConfigurations>
            <trailerConfiguration>
                <trailer>
                    <tipSide name="$l10n_setting_low" dischargeNodeIndex="1">
                        <animation name="tipAnimationLow" speedScale="1.0" startTipTime="0.92"/>
                    </tipSide>
                    <tipSide name="$l10n_setting_high" dischargeNodeIndex="2">
                        <animation name="tipAnimationHigh" speedScale="1.0" startTipTime="0.94"/>
                    </tipSide>
                </trailer>
            </trailerConfiguration>
        </trailerConfigurations>
    </trailer>

    <turnOnVehicle turnOffIfNotAllowed="true">
        <turnedAnimation name="mowerDeckAnimation" turnOnSpeedScale="1" />
    </turnOnVehicle>

    <dashboard>
        <groups>
            <group name="MOTOR_STARTING" isMotorStarting="true"/>
            <group name="MOTOR_ACTIVE" isMotorStarting="true" isMotorRunning="true"/>
        </groups>
        <default>
            <dashboard displayType="EMITTER" node="iconBatteryDecal" baseColor="BLACK" emitColor="ORANGE" groups="MOTOR_STARTING"/>
            <dashboard displayType="EMITTER" node="iconTemperatureDecal" baseColor="BLACK" emitColor="RED" groups="MOTOR_STARTING"/>
        </default>
    </dashboard>

    <foliageBending>
        <bendingNode minX="-0.55" maxX="0.55" minZ="-1.25" maxZ="1.25" yOffset="0"/>
        <bendingNode minX="-0.69" maxX="0.73" minZ="-0.15" maxZ="0.85" yOffset="0" node="cutterDeck"/>
    </foliageBending>

    <configurationSets title="$l10n_configuration_design" price="240">
        <configurationSet name="$l10n_configuration_valueDefault" price="0">
            <configuration name="baseMaterial" index="1" />
            <configuration name="designMaterial2" index="1" />
        </configurationSet>

        <!-- As available in 2012 as a limited edition. -->
        <configurationSet name="$l10n_configuration_blackEdition">
            <configuration name="baseMaterial" index="2" />
            <configuration name="designMaterial" index="1" />
            <configuration name="designMaterial2" index="2" />
            <configuration name="rimColor" index="3" />

        </configurationSet>
    </configurationSets>

    <designMaterialConfigurations price="0" useDefaultColors="false" title="$l10n_configuration_rolloverProtection">
        <designMaterialConfiguration color="SHARED_BLACK4" name="$l10n_ui_colorBlack"/>
        <designMaterialConfiguration color="AMAZONE_GREEN1" name="Amazone %s" params="$l10n_ui_colorGreen"/>
        <designMaterialConfiguration color="AMAZONE_BEIGE1" name="Amazone %s" params="$l10n_ui_colorBeige"/>

        <material name="profihopper_mat" shaderParameter="colorMat4"/>
    </designMaterialConfigurations>

    <designMaterial2Configurations useDefaultColors="false">
        <designMaterial2Configuration color="AMAZONE_BEIGE1"/>
        <designMaterial2Configuration color="0.0134 0.0134 0.0134 1"/>

        <material name="profihopper_mat" shaderParameter="colorMat1"/>
        <material name="cutterBlade_mat" shaderParameter="colorMat1"/>
    </designMaterial2Configurations>

    <baseMaterialConfigurations useDefaultColors="false">
        <baseMaterialConfiguration color="AMAZONE_GREEN1"/>
        <baseMaterialConfiguration color="0.0134 0.0134 0.0134 1"/>

        <material name="profihopper_mat" shaderParameter="colorMat0" />
        <material name="cutterBlade_mat" shaderParameter="colorMat0" />
    </baseMaterialConfigurations>

    <baseMaterial>
        <material name="profihopper_mat" baseNode="profihopper_vis">
            <shaderParameter name="colorMat0" value="AMAZONE_GREEN1"/>
            <shaderParameter name="colorMat1" value="AMAZONE_BEIGE1"/>
            <shaderParameter name="colorMat2" value="SHARED_BLACK4"/>
            <shaderParameter name="colorMat3" value="SILOKING_RED1"/>
            <shaderParameter name="colorMat4" value="SHARED_BLACK4"/>
        </material>
        <material name="cutterBlade_mat" baseNode="cutterBlade">
            <shaderParameter name="colorMat0" value="AMAZONE_GREEN1"/>
            <shaderParameter name="colorMat1" value="AMAZONE_BEIGE1"/>
            <shaderParameter name="colorMat2" value="SHARED_BLACK4"/>
            <shaderParameter name="colorMat3" value="SILOKING_RED1"/>
            <shaderParameter name="colorMat4" value="SHARED_BLACK4"/>
        </material>
    </baseMaterial>

    <wearable wearDuration="480" workMultiplier="5" fieldMultiplier="2"/>
    <washable dirtDuration="90" washDuration="1" workMultiplier="4" fieldMultiplier="2"/>

    <ai>
        <agent width="1.5" length="2.7" height="2.45" lengthOffset="-0.18" frontOffset="-1.12" />
        <collisionTrigger node="aiCollisionNode" width="1.5" height="2.5"/>
        <areaMarkers leftNode="aiMarkerLeft" rightNode="aiMarkerRight" backNode="aiMarkerBack"/>
        <sizeMarkers backNode="aiSizeMarkerBack" leftNode="aiSizeMarkerLeft" rightNode="aiSizeMarkerRight"/>
    </ai>

    <i3dMappings>
        <i3dMapping id="profihopper_main_component1" node="0>"/>
        <i3dMapping id="profihopper_vis" node="0>0"/>
        <i3dMapping id="wheelFrontLeft" node="0>0|0|0"/>
        <i3dMapping id="wheelFrontRight" node="0>0|0|1"/>
        <i3dMapping id="wheelBackLeft" node="0>0|0|2"/>
        <i3dMapping id="driveNodeLeft" node="0>0|0|2|0"/>
        <i3dMapping id="hubLeftRear" node="0>0|0|2|0|0"/>
        <i3dMapping id="leftWheelRefPoint" node="0>0|0|2|1"/>
        <i3dMapping id="wheelBackRight" node="0>0|0|3"/>
        <i3dMapping id="driveNodeRight" node="0>0|0|3|0"/>
        <i3dMapping id="hubRightRear" node="0>0|0|3|0|0"/>
        <i3dMapping id="rightWheelRefPoint" node="0>0|0|3|1"/>
        <i3dMapping id="wheelHydraulicLeft" node="0>0|0|4|0"/>
        <i3dMapping id="wheelHydraulicLeftPunch" node="0>0|0|4|0|0"/>
        <i3dMapping id="wheelHydraulicRight" node="0>0|0|4|1"/>
        <i3dMapping id="wheelHydraulicRightPunch" node="0>0|0|4|1|0"/>
        <i3dMapping id="frontLeft" node="0>0|1|0|0"/>
        <i3dMapping id="frontRight" node="0>0|1|0|1"/>
        <i3dMapping id="backLeft" node="0>0|1|0|2"/>
        <i3dMapping id="backRight" node="0>0|1|0|3"/>
        <i3dMapping id="backReflectorLeft" node="0>0|1|0|4"/>
        <i3dMapping id="backReflectorRight" node="0>0|1|0|5"/>
        <i3dMapping id="frontLightLow" node="0>0|1|1|0"/>
        <i3dMapping id="frontLightHigh" node="0>0|1|1|1"/>
        <i3dMapping id="backLightsLow" node="0>0|1|1|2|0"/>
        <i3dMapping id="backLightsHigh" node="0>0|1|1|2|1"/>
        <i3dMapping id="turnLightsLeft" node="0>0|1|1|3|0"/>
        <i3dMapping id="turnLightsRight" node="0>0|1|1|3|1"/>
        <i3dMapping id="beaconLight" node="0>0|1|2"/>
        <i3dMapping id="outdoorCameraTarget" node="0>0|2|0"/>
        <i3dMapping id="outdoorCamera" node="0>0|2|0|0"/>
        <i3dMapping id="cameraRaycastNode1" node="0>0|2|1"/>
        <i3dMapping id="cameraRaycastNode2" node="0>0|2|2"/>
        <i3dMapping id="indoorCamera" node="0>0|2|3"/>
        <i3dMapping id="exitPoint" node="0>0|3"/>
        <i3dMapping id="steeringWheel" node="0>0|4|0"/>
        <i3dMapping id="playerBodyTarget" node="0>0|6|0"/>
        <i3dMapping id="playerLeftLegTarget" node="0>0|6|1"/>
        <i3dMapping id="playerRightLegTarget" node="0>0|5|5|1|0"/>
        <i3dMapping id="playerLeftHandTarget" node="0>0|4|0|0"/>
        <i3dMapping id="playerRightHandTarget" node="0>0|6|2"/>
        <i3dMapping id="containerSupportBar" node="0>0|5|0"/>
        <i3dMapping id="containerSupportBarRef" node="0>0|5|0|0"/>
        <i3dMapping id="containerBar" node="0>0|5|1"/>
        <i3dMapping id="containerBarPart" node="0>0|5|1|0"/>
        <i3dMapping id="container" node="0>0|5|1|0|0"/>
        <i3dMapping id="containerRefPoint" node="0>0|5|1|0|0|0"/>
        <i3dMapping id="fillVolumeUnloadInfo" node="0>0|5|1|0|0|1"/>
        <i3dMapping id="fillVolume" node="0>0|5|1|0|0|2|0"/>
        <i3dMapping id="fillVolumeHeightNodes1" node="0>0|5|1|0|0|2|1"/>
        <i3dMapping id="fillVolumeHeightNodes2" node="0>0|5|1|0|0|2|2"/>
        <i3dMapping id="effectParticleLow" node="0>0|5|1|0|0|3|0|0|0"/>
        <i3dMapping id="effectParticleHigh" node="0>0|5|1|0|0|3|0|0|1"/>
        <i3dMapping id="effectSmoke" node="0>0|5|1|0|0|3|1|0"/>
        <i3dMapping id="containerHatch" node="0>0|5|1|0|0|4"/>
        <i3dMapping id="containerHydraulic" node="0>0|5|2"/>
        <i3dMapping id="containerHydraulicPunch" node="0>0|5|2|0"/>
        <i3dMapping id="containerSupportBarRefFrame" node="0>0|5|3"/>
        <i3dMapping id="containerBarRefFrame" node="0>0|5|4"/>
        <i3dMapping id="hydraulicTilt" node="0>0|5|1|0|1"/>
        <i3dMapping id="hydraulicTiltPunch" node="0>0|5|1|0|1|0"/>
        <i3dMapping id="hydraulicTiltRefFrame" node="0>0|5|1|0|2"/>
        <i3dMapping id="containerSupportBarRefPoint" node="0>0|5|1|0|3"/>
        <i3dMapping id="chairArms" node="0>0|5|5|0"/>
        <i3dMapping id="pedelLock" node="0>0|5|5|3"/>
        <i3dMapping id="key" node="0>0|5|5|4|0"/>
        <i3dMapping id="pedelMovement" node="0>0|5|5|1"/>
        <i3dMapping id="groundReference" node="0>0|5|6|0"/>
        <i3dMapping id="cutterDeck" node="0>0|5|6"/>
        <i3dMapping id="cutterWheelLeft" node="0>0|5|6|1|0"/>
        <i3dMapping id="cutterWheelLeftRep" node="0>0|5|6|1|0|0"/>
        <i3dMapping id="cutterWheelRight" node="0>0|5|6|1|1"/>
        <i3dMapping id="cutterWheelRightRep" node="0>0|5|6|1|1|0"/>
        <i3dMapping id="cutterBlade" node="0>0|5|6|3|0"/>
        <i3dMapping id="workAreaStart" node="0>0|5|6|2|0"/>
        <i3dMapping id="workAreaWidth" node="0>0|5|6|2|1"/>
        <i3dMapping id="workAreaHeight" node="0>0|5|6|2|2"/>
        <i3dMapping id="workAreaStart2" node="0>0|5|6|9|0"/>
        <i3dMapping id="workAreaWidth2" node="0>0|5|6|9|1"/>
        <i3dMapping id="workAreaHeight2" node="0>0|5|6|9|2"/>
        <i3dMapping id="dropAreaStart" node="0>0|5|6|8|0"/>
        <i3dMapping id="dropAreaWidth" node="0>0|5|6|8|1"/>
        <i3dMapping id="dropAreaHeight" node="0>0|5|6|8|2"/>
        <i3dMapping id="exhaustParticle1" node="0>0|7|0"/>
        <i3dMapping id="aiCollisionNode" node="0>0|8|0"/>
        <i3dMapping id="aiMarkerLeft" node="0>0|8|1|0"/>
        <i3dMapping id="aiMarkerRight" node="0>0|8|1|1"/>
        <i3dMapping id="aiMarkerBack" node="0>0|8|1|2"/>
        <i3dMapping id="aiSizeMarkerLeft" node="0>0|8|2|0"/>
        <i3dMapping id="aiSizeMarkerRight" node="0>0|8|2|1"/>
        <i3dMapping id="aiSizeMarkerBack" node="0>0|8|2|2"/>
        <i3dMapping id="dischargeNodeLow" node="0>0|9|0"/>
        <i3dMapping id="dischargeNodeHigh" node="0>0|9|1"/>
        <i3dMapping id="numbersSpeed" node="0>0|10|0"/>
        <i3dMapping id="numbersSpeed01" node="0>0|10|0|0"/>
        <i3dMapping id="decalLights" node="0>0|10|1"/>
        <i3dMapping id="iconTurnRightDecal" node="0>0|10|2"/>
        <i3dMapping id="iconTurnLeftDecal" node="0>0|10|3"/>
        <i3dMapping id="iconTemperatureDecal" node="0>0|10|4"/>
        <i3dMapping id="iconLowFuelDecal" node="0>0|10|5"/>
        <i3dMapping id="iconDefaultLightDecal" node="0>0|10|6"/>
        <i3dMapping id="iconHopperFullDecal" node="0>0|10|7"/>
        <i3dMapping id="iconHazardDecal" node="0>0|10|8"/>
        <i3dMapping id="iconForwardDecal" node="0>0|10|9"/>
        <i3dMapping id="iconCruiseControlDecal" node="0>0|10|10"/>
        <i3dMapping id="iconBeaconLightButtonDecal" node="0>0|10|11"/>
        <i3dMapping id="iconBatteryDecal" node="0>0|10|12"/>
        <i3dMapping id="iconBackwardsDecal" node="0>0|10|13"/>
        <i3dMapping id="licensePlateBack" node="0>0|11"/>
    </i3dMappings>
</vehicle>
