﻿<?xml version="1.0" encoding="utf-8" standalone="no" ?>
<modDesc descVersion="65">
  <title>
	  <en>Real Dirt Color</en>
	  <de>Echte Schmutzfarbe</de>
	  <fr>Vraie Couleur De Terre</fr>
	  <es>Color De Suciedad Real</es>
	  <cz>Real Dirt Colour</cz>
  </title>
  <author>ViperGTS96</author>
  <version>1.2.5.0</version>

  <description>
<en><![CDATA[Real Dirt Color changes all vehicles/tools dirt color to the surrounding enviroment.
- 10 color variations including: Brown Dirt, Brown Mud, Red Dirt, Red Mud, Grass, Chaff, Manure, Slurry, Lime, and Snow.
- Colors are blended back and forth using a variable speed.
- 2 modes available via xml settings file: "Simple mode" and "Independent wheel mode".
- Tweakable color change speed.
- See files in your game's "modSettings folder" for modding options / information.
- Completely revised for FS22.

Changelog 1.0.0.1:
Hotfixed crashes caused by language detection code.

Changelog 1.0.0.2:
Fixed : Vehicles disabling real dirt color caused an error.

Changelog 1.0.1.2:
Fixed : ReadMe text files preventing mod use in Dedicated Servers.

Changelog 1.2.5.0:
Fixed* : Independent wheel colors now works for all clients in Multiplayer.
Fixed : Vehicle dirt colors now synchronize for all clients when joining game in Multiplayer.
*Note : The separate "Real Dirt Color Tracks" mod now works with Independent wheel colors in Multiplayer.]]></en>

<de><![CDATA[Echte Schmutzfarbe ändert die Schmutzfarbe aller Fahrzeuge / Werkzeuge an die umgebende Umgebung.
- 10 Farbvariationen, einschließlich: Brauner Schmutz, Brauner Schlamm, Roter Schmutz, Roter Schlamm, Gras, Spreu, Mist, Gülle, Kalk und Schnee.
- Farben werden mit einer variablen Geschwindigkeit hin und her gemischt.
- 2 Modi, die über die XML-Einstellungsdatei verfügbar sind: "Einfacher Modus" und "Unabhängiger Radmodus".
- Einstellbare Farbwechselgeschwindigkeit.
- Siehe Dateien im "modSettings-Ordner" deines Spiels für Modding-Optionen/Informationen.
- Vollständig überarbeitet für FS22/LS22.

Änderungsliste 1.0.0.1:
Behelfslösung von Abstürzen, die durch den Code der Spracherkennung verursacht wurden.

Änderungsliste 1.0.0.2:
Behoben: Die Deaktivierung der echten Schmutzfarbe bei Fahrzeugen verursachte einen Fehler.

Änderungsliste 1.0.1.2:
Behoben: ReadMe-Textdateien verhindern die Verwendung von Mods auf Dedicated Servern.

Änderungsliste 1.2.5.0:
Behoben*: Unabhängige Radfarben funktionieren jetzt für alle Clients im Multiplayer.
Behoben: Die Schmutzfarben der Fahrzeuge werden nun für alle Clients synchronisiert, wenn sie dem Spiel im Mehrspielermodus beitreten.
*Hinweis: Der separate "Real Dirt Color Tracks"-Mod funktioniert jetzt mit unabhängigen Radfarben im Multiplayer.]]></de>

<fr><![CDATA[Vraie couleur de terre modifie la couleur de la saleté de tous les véhicules / outils en fonction de l'environnement.
- 10 variations de couleur comprenant: la saleté brune, la boue brune, la saleté rouge, la boue rouge, l'herbe, la paille, le fumier, le lisier, la chaux et la neige.
- Les couleurs sont mélangées en utilisant une vitesse variable.
- 2 modes disponibles via le fichier de paramètres xml: "Mode simple" et "Mode roue indépendante".
- Vitesse de changement de couleur réglable.
- Consultez les fichiers dans le dossier "modSettings" de votre jeu pour obtenir des informations et des options de modélisation.
- Entièrement révisé pour FS22/LS22.

Journal des modifications 1.0.0.1 :
Correction à chaud de crashs causés par le code de détection de langue.

Journal des modifications 1.0.0.2 :
Corrigé : La désactivation de la couleur de la saleté réelle des véhicules provoquait une erreur.

Journal des modifications 1.0.1.2 :
Corrigé : Les fichiers texte ReadMe empêchent l'utilisation du mod dans les serveurs dédiés.

Journal des modifications 1.2.5.0 :
Corrigé* : Les couleurs de la roue indépendante fonctionnent désormais pour tous les clients en mode Multijoueur.
Corrigé : Les couleurs de saleté des véhicules sont désormais synchronisées pour tous les clients lorsqu'ils rejoignent une partie en mode Multijoueur.
*Note : Le mod séparé "Real Dirt Color Tracks" fonctionne maintenant avec les couleurs des roues indépendantes en Multijoueur.]]></fr>

<es><![CDATA[Color de suciedad real cambia el color de la suciedad de todos los vehículos / herramientas al entorno circundante.
- 10 variaciones de color que incluyen: suciedad marrón, barro marrón, suciedad roja, barro rojo, hierba, paja, estiércol, purines, lima y nieve.
- Los colores se mezclan de un lado a otro usando una velocidad variable.
- 2 modos disponibles a través del archivo de configuración xml: "Modo simple" y "Modo de rueda independiente".
- Velocidad de cambio de color ajustable.
- Consulta los archivos de la carpeta "modSettings" de tu juego para ver las opciones de modding / información.
- Completamente revisado para FS22/LS22.

Registro de cambios 1.0.0.1:
Se han corregido los fallos causados por el código de detección de idiomas.

Registro de cambios 1.0.0.2:
Corregido: La desactivación del color real de la suciedad de los vehículos provocaba un error.

Registro de cambios 1.0.1.2:
Corregido : Archivos de texto ReadMe que impiden el uso del mod en Servidores Dedicados.

Registro de cambios 1.2.5.0
Corregido* : Los colores de la rueda independiente ahora funcionan para todos los clientes en Multijugador.
Corregido : Los colores de la suciedad de los vehículos ahora se sincronizan para todos los clientes cuando se unen al juego en Multijugador.
*Nota : El mod separado "Real Dirt Color Tracks" ahora funciona con colores de rueda independientes en Multiplayer.]]></es>

<it><![CDATA[Il colore reale della sporcizia cambia il colore della sporcizia di tutti i veicoli / attrezzi verso l'ambiente circostante.
- 10 varianti di colore tra cui: sporcizia marrone, fango marrone, sporcizia rossa, fango rosso, erba, pula, letame, liquami, calce e neve.
- I colori vengono miscelati avanti e indietro utilizzando una velocità variabile.
- 2 modalità disponibili tramite file di impostazioni xml: "Modalità semplice" e "Modalità ruota indipendente".
- Velocità di cambio colore regolabile.
- Vedi i file nella cartella "modSettings" del tuo gioco per le opzioni / informazioni di modding.
- Completamente rivisto per FS22/LS22.

Log delle modifiche 1.0.0.1:
Arresti anomali causati dal codice di rilevamento della lingua.

Log delle modifiche 1.0.0.2:
Corretto: i veicoli che disabilitano il colore reale dello sporco causavano un errore.

Log delle modifiche 1.0.1.2:
Corretto: i file di testo ReadMe impediscono l'uso della mod nei server dedicati.

Log delle modifiche 1.2.5.0:
Corretto*: I colori della ruota indipendente ora funzionano per tutti i clienti in Multigiocatore.
Corretto: I colori della sporcizia dei veicoli ora si sincronizzano per tutti i client quando ci si unisce alla partita in Multiplayer.
*Nota: La mod separata "Real Dirt Color Tracks" ora funziona con i colori delle ruote indipendenti in Multiplayer.]]></it>

<cz><![CDATA[Skutečná barva špíny změní barvu špíny všech vozidel / nástrojů na okolní prostředí.
- 10 barevných variací včetně: hnědé nečistoty, hnědého bahna, červené špíny, červeného kalu, trávy, plevy, hnojiva, kalu, vápna a sněhu.
- Barvy se mísí dopředu a dozadu pomocí variabilní rychlosti.
- 2 režimy dostupné prostřednictvím souboru nastavení xml: "Jednoduchý režim" a "Nezávislý režim kol".
- Nastavitelná rychlost změny barvy.
- Možnosti / informace o modifikaci naleznete v souborech ve složce modSettings ve hře.
- Kompletně přepracováno pro FS22/LS22.

Protokol změn 1.0.0.1:
Opraveny pády způsobené kódem detekce jazyka.

Protokol změn 1.0.0.2:
Opraveno : Vypnutí skutečné barvy špíny u vozidel způsobovalo chybu.

Protokol změn 1.0.1.2:
Opraveno : Textové soubory ReadMe bránící používání modů na dedikovaných serverech.

Protokol změn 1.2.5.0:
Opraveno* : Nezávislé barvy koleček nyní fungují pro všechny klienty ve hře více hráčů.
Opraveno : Barvy nečistot na vozidlech se nyní synchronizují pro všechny klienty při připojení ke hře ve více hráčích.
*Poznámka : Samostatný mod "Real Dirt Color Tracks" nyní funguje s nezávislými barvami kol ve hře pro více hráčů.]]></cz>

<pl><![CDATA[Kolor rzeczywistego brudu zmienia kolor brudu wszystkich pojazdów/narzędzi na kolor otoczenia.
- 10 wariantów kolorystycznych, w tym: Brązowy brud, Brązowe błoto, Czerwony brud, Czerwone błoto, Trawa, Sieczka, Obornik, Gnojowica, Wapno i Śnieg.
- Kolory są mieszane w przód i w tył z wykorzystaniem zmiennej prędkości.
- 2 tryby dostępne za pośrednictwem pliku ustawień xml: "Tryb prosty" i "Tryb niezależnego koła".
- Szybkość zmiany kolorów można regulować.
- Zobacz pliki w folderze "modSettings" swojej gry, aby uzyskać informacje o opcjach modowania.
- Całkowicie poprawiony dla FS22.

Dziennik zmian 1.0.0.1:
Usunięto awarie spowodowane przez kod wykrywania języka.

Dziennik zmian 1.0.0.2:
Naprawiono: Pojazdy wyłączenie prawdziwego koloru brudu powodowało błąd.

Dziennik zmian 1.0.1.2:
Naprawiono : Pliki tekstowe ReadMe uniemożliwiające użycie moda na serwerach dedykowanych.

Dziennik zmian 1.2.5.0:
Naprawiono*: Kolory niezależnego koła działają teraz dla wszystkich klientów w Multiplayerze.
Naprawiono : Kolory zabrudzenia pojazdów są teraz synchronizowane dla wszystkich klientów podczas dołączania do gry w trybie wieloosobowym.
*Uwaga: Oddzielny mod "Real Dirt Color Tracks" działa teraz z niezależnymi kolorami kół w trybie wieloosobowym.]]></pl>
  </description>

  <iconFilename>icon.dds</iconFilename>
  <multiplayer supported="true"/>
  <extraSourceFiles>
    <sourceFile filename="src/rdcRegister.lua" />
  </extraSourceFiles>

</modDesc>