<?xml version="1.0" encoding="utf-8" standalone="no"?>
<modDesc descVersion="63">
	<author>CuratoFarms</author>
	<version>1.0.0.0</version>
  
<title>
    <en>Raisins And Grapes Pallets</en>
	<fr>Raisins Secs Et Palettes De Raisins</fr>
	<de>Paletten Mit Rosinen Und Trauben</de>
</title>

<description>
    <en>
	  <![CDATA[Pallets Of Raisins and Grapes are purchasable from the store
Raisins - 1000L = 3730£
Grapes - 550L = 1200£
	  ]]>
	</en>
	<fr>
	  <![CDATA[Les palettes de raisins secs et de raisins peuvent être achetées au magasin
Raisins - 1000L = 3730€
Raisins - 550L = 1200€
	  ]]>
    </fr>
	<de>
	  <![CDATA[Mit diesem Mod sind Paletten mit Rosinen und Trauben im Laden erhältlich.
Rosinen - 1000L = 3730€
Trauben - 550L = 1200€
	  ]]>
	</de>
</description>

	<iconFilename>modIcon.dds</iconFilename>
	<multiplayer supported="true" />
	
    <storeItems>
		<storeItem xmlFilename="raisinBoxPallet.xml"/>
		<storeItem xmlFilename="grapePallet.xml"/>
    </storeItems>
	
	
</modDesc>