<?xml version="1.0" encoding="utf-8" standalone="no" ?>
<vehicle type="pallet" xmlns:xsi="http://www.w3.org/2001/XMLSchema-instance" xsi:noNamespaceSchemaLocation="../../../../shared/xml/schema/vehicle.xsd">
    <annotation>Copyright (C) GIANTS Software GmbH, All Rights Reserved.</annotation>

    <storeData>
        <name>$l10n_storeItem_raisinBoxPallet</name>
        <image>store_raisins.dds</image>
        <category>pallets</category>
        <brand>LIZARD</brand>
        <showInStore>true</showInStore>
        <canBeSold>false</canBeSold>
		<price>3730</price>
		<allowLeasing>false</allowLeasing>
		<shopHeight>1.1</shopHeight>
        <financeCategory>OTHER</financeCategory>
        <vertexBufferMemoryUsage>40192</vertexBufferMemoryUsage>
        <indexBufferMemoryUsage>5632</indexBufferMemoryUsage>
        <textureMemoryUsage>1048576</textureMemoryUsage>
        <instanceVertexBufferMemoryUsage>0</instanceVertexBufferMemoryUsage>
        <instanceIndexBufferMemoryUsage>0</instanceIndexBufferMemoryUsage>
        <audioMemoryUsage>0</audioMemoryUsage>
    </storeData>

    <base>
        <typeDesc>$l10n_typeDesc_pallet</typeDesc>
        <filename>$data/objects/pallets/raisinBoxPallet/raisinBoxPallet.i3d</filename>
        <size width="1.4" length="1" height="1.1" />
        <canBeReset>false</canBeReset>
        <components>
            <component centerOfMass="0 0.1 0" solverIterationCount="10" mass="60"/>
        </components>
        <showInVehicleMenu>false</showInVehicleMenu>
        <mapHotspot available="false" />
    </base>

    <fillUnit>
        <fillUnitConfigurations>
            <fillUnitConfiguration>
                <fillUnits removeVehicleIfEmpty="true">
                    <fillUnit unitTextOverride="$l10n_unit_literShort" fillTypes="RAISINS" startFillType="RAISINS" capacity="1000" startFillLevel="1000" ignoreFillLimit="true"/>
                </fillUnits>
            </fillUnitConfiguration>
        </fillUnitConfigurations>
    </fillUnit>
	


    <dischargeable requiresTipOcclusionArea="false">
        <dischargeNode node="dischargeNode" emptySpeed="200" fillUnitIndex="1" maxDistance="6" canStartDischargeAutomatically="true" playSound="false"/>
    </dischargeable>

    <pallet fillUnitIndex="1" node="pallet_vis">
        <content>
            <object node="raisinBox01" tensionBeltNode="raisinBox01Tension"/>
            <object node="raisinBox02" tensionBeltNode="raisinBox02Tension"/>
            <object node="raisinBox03" tensionBeltNode="raisinBox03Tension"/>
            <object node="raisinBox04" tensionBeltNode="raisinBox04Tension"/>
            <object node="raisinBox05" tensionBeltNode="raisinBox05Tension"/>
            <object node="raisinBox06" tensionBeltNode="raisinBox06Tension"/>
            <object node="raisinBox07" tensionBeltNode="raisinBox07Tension"/>
            <object node="raisinBox08" tensionBeltNode="raisinBox08Tension"/>
            <object node="raisinBox09" tensionBeltNode="raisinBox09Tension"/>
            <object node="raisinBox10" tensionBeltNode="raisinBox10Tension"/>
            <object node="raisinBox11" tensionBeltNode="raisinBox11Tension"/>
            <object node="raisinBox12" tensionBeltNode="raisinBox12Tension"/>
        </content>

        <sounds>
            <unload template="palletsFillPaper" pitchScale="0.9" />
        </sounds>
    </pallet>

    <dynamicMount triggerNode="dynamicMountTrigger" triggerForceAcceleration="4" additionalMountDistance="0.75" jointTransY="0.11" jointLimitToRotY="true"/>


    <i3dMappings>
        <i3dMapping id="pallet_vis" node="0>0" />
        <i3dMapping id="dynamicMountTrigger" node="0>0|0" />
        <i3dMapping id="dischargeNode" node="0>0|1" />
        <i3dMapping id="raisinBox01" node="0>0|2|0" />
        <i3dMapping id="raisinBox01Tension" node="0>0|2|0|0" />
        <i3dMapping id="raisinBox02" node="0>0|2|1" />
        <i3dMapping id="raisinBox02Tension" node="0>0|2|1|0" />
        <i3dMapping id="raisinBox03" node="0>0|2|2" />
        <i3dMapping id="raisinBox03Tension" node="0>0|2|2|0" />
        <i3dMapping id="raisinBox04" node="0>0|2|3" />
        <i3dMapping id="raisinBox04Tension" node="0>0|2|3|0" />
        <i3dMapping id="raisinBox05" node="0>0|2|4" />
        <i3dMapping id="raisinBox05Tension" node="0>0|2|4|0" />
        <i3dMapping id="raisinBox06" node="0>0|2|5" />
        <i3dMapping id="raisinBox06Tension" node="0>0|2|5|0" />
        <i3dMapping id="raisinBox07" node="0>0|2|6" />
        <i3dMapping id="raisinBox07Tension" node="0>0|2|6|0" />
        <i3dMapping id="raisinBox08" node="0>0|2|7" />
        <i3dMapping id="raisinBox08Tension" node="0>0|2|7|0" />
        <i3dMapping id="raisinBox09" node="0>0|2|8" />
        <i3dMapping id="raisinBox09Tension" node="0>0|2|8|0" />
        <i3dMapping id="raisinBox10" node="0>0|2|9" />
        <i3dMapping id="raisinBox10Tension" node="0>0|2|9|0" />
        <i3dMapping id="raisinBox11" node="0>0|2|10" />
        <i3dMapping id="raisinBox11Tension" node="0>0|2|10|0" />
        <i3dMapping id="raisinBox12" node="0>0|2|11" />
        <i3dMapping id="raisinBox12Tension" node="0>0|2|11|0" />
    </i3dMappings>
</vehicle>
