﻿<?xml version="1.0" encoding="utf-8" standalone="no" ?>
<modDesc descVersion="64">
  <title>
	  <en>Real Dirt Color Tracks</en>
	  <de>Reale Farbschmutzfahrspuren</de>
	  <fr>Pistes De Couleur En Terre Réelle</fr>
	  <es>Suciedad Real Color Tracks</es>
	  <it>Tracce Di Colore Real Dirt</it>
	  <cz>Barevné Stopy Real Dirt</cz>
  </title> 
  <author>ViperGTS96</author>
  <version>1.0.0.0</version>

	<description>
<en>
<![CDATA["Real Dirt Color" and "Real Dirt Fix" mods required to enable this mod.

- Colors all vehicle's tire/crawler tracks and smoke (effects) to match the dirt colors.
- Colors blend and wear off while driving.
- Colors also revert to normal.]]>
</en>

<de>
<![CDATA[Die Mods "Echte Schmutzfarbe" und "Realer Schmutz-Fix" sind erforderlich, um diese Mod zu aktivieren.

- Färbt alle Reifen-/Kettenfahrspuren und Staub (Effekte) des Fahrzeugs passend zu den Schmutzfarben ein.
- Die Farben vermischen sich und nutzen sich während der Fahrt ab.
- Die Farben werden auch wieder auf normal zurückgesetzt].]]></de>

<fr>
<![CDATA[Les mods "Vraie Couleur De Terre" et "Real Dirt Fix" sont nécessaires pour activer ce mod.

- Les couleurs des pneus, des chenilles et de la fumée (effets) de tous les véhicules correspondent aux couleurs de la terre.
- Les couleurs se mélangent et s'effacent pendant la conduite.
- Les couleurs reviennent également à la normale].]]></fr>

<cz>
<![CDATA[Pro aktivaci tohoto módu jsou vyžadovány módy "Real Dirt Colour" a "Opravdová Oprava Spíny".

- Barvy všech pneumatik/pásů a kouře (efekty) vozidla odpovídají barvám špíny.
- Barvy se během jízdy mísí a opotřebovávají.
- Barvy se také vrátí do normálu.]]]></cz>

<es>
<![CDATA[Se requieren los mods "Color De Suciedad Real" y "Corrección De Suciedad Real" para activar este mod.

- Colorea las huellas de los neumáticos/ruedas de los vehículos y el humo (efectos) para que coincidan con los colores de la suciedad.
- Los colores se mezclan y se desgastan durante la conducción.
- Los colores también vuelven a la normalidad].]]></es>

<it>
<![CDATA[Sono necessarie le mod "Real Dirt Color" e "Real Dirt Fix" per abilitare questa mod.

- Colora tutte le tracce dei pneumatici e dei cingoli dei veicoli e il fumo (effetti) in modo che corrispondano ai colori dello sporco.
- I colori si fondono e si consumano durante la guida.
- I colori tornano anche alla normalità].]]></it>
	</description>

  <iconFilename>icon.dds</iconFilename>
  <multiplayer supported="true"/>
  <extraSourceFiles>
    <sourceFile filename="src/checkPrerequisites.lua" />
    <sourceFile filename="src/registerRDCTracks.lua" />
  </extraSourceFiles>
  
  <dependencies>
        <dependency>FS22_realDirtFix</dependency>
        <dependency>FS22_realDirtColor</dependency>
  </dependencies>

</modDesc>