<?xml version="1.0" encoding="utf-8" standalone="no" ?>
<placeable type="sellingStation" xmlns:xsi="http://www.w3.org/2001/XMLSchema-instance" xsi:noNamespaceSchemaLocation="../../../../shared/xml/schema/placeable.xsd">
    <storeData>
		<name>$l10n_shopItem_mobileBaleSellpoint</name>
        <functions>
            <function>$l10n_function_sellingPoint</function>
        </functions>
        <image>icons/store_mobileBaleSellpoint.dds</image>
        <price>500</price>
        <dailyUpkeep>0</dailyUpkeep>
        <lifetime>1000</lifetime>
        <rotation>0</rotation>
        <brand>NONE</brand>
        <species>placeable</species>
        <category>sellingPoints</category>
        <brush>
            <type>placeable</type>
            <category>production</category>
            <tab>sellingPoints</tab>
        </brush>
        <vertexBufferMemoryUsage>20224</vertexBufferMemoryUsage>
        <indexBufferMemoryUsage>5120</indexBufferMemoryUsage>
        <textureMemoryUsage>327680</textureMemoryUsage>
        <audioMemoryUsage>0</audioMemoryUsage>
        <instanceVertexBufferMemoryUsage>0</instanceVertexBufferMemoryUsage>
        <instanceIndexBufferMemoryUsage>0</instanceIndexBufferMemoryUsage>
	</storeData>
	
	<base>
        <filename>i3d/mobileBaleSellpoint.i3d</filename>
		<canBeRenamed>true</canBeRenamed>
	</base>
	
	<placement useRandomYRotation="false" useManualYRotation="true" />

    <clearAreas />
	<leveling />
	<indoorAreas/>

    <tipOcclusionUpdateAreas>
        <tipOcclusionUpdateArea startNode="tipOcclusionUpdateArea1Start" endNode="tipOcclusionUpdateArea1End" />
    </tipOcclusionUpdateAreas>

    <ai>
        <updateAreas>
            <updateArea startNode="tipOcclusionUpdateArea1Start" endNode="tipOcclusionUpdateArea1End" />
        </updateAreas>
    </ai>

    <hotspots>
        <hotspot type="UNLOADING" linkNode="unloadTrigger" teleportNode="teleportNode" />
    </hotspots>

    <sellingStation appearsOnStats="true" supportsExtension="false" allowMissions="false">
        <unloadTrigger exactFillRootNode="unloadTrigger" fillTypes="GRASS_WINDROW DRYGRASS_WINDROW SILAGE STRAW WOODCHIPS">
            <baleTrigger triggerNode="baleTrigger" deleteLitersPerSecond="10000" />
        </unloadTrigger>

        <fillType name="GRASS_WINDROW" priceScale="1" supportsGreatDemand="false" disablePriceDrop="true" />
        <fillType name="DRYGRASS_WINDROW" priceScale="1" supportsGreatDemand="false" disablePriceDrop="true" />
        <fillType name="SILAGE" priceScale="1" supportsGreatDemand="false" disablePriceDrop="true" />
        <fillType name="STRAW" priceScale="1" supportsGreatDemand="false" disablePriceDrop="true" />
        <fillType name="WOODCHIPS" priceScale="1" supportsGreatDemand="false" disablePriceDrop="true" />

        <sounds>
            <idle template="biogasPlantTemplate"/>
        </sounds>
    </sellingStation>

	<i3dMappings>
		<i3dMapping id="unloadTrigger" node="0>0|0|0|0" />
        <i3dMapping id="baleTrigger" node="0>0|0|0|1" />
        <i3dMapping id="teleportNode" node="0>0|0|0|2" />
        <i3dMapping id="tipOcclusionUpdateAreas" node="0>1" />
        <i3dMapping id="tipOcclusionUpdateArea1Start" node="0>1|0" />
        <i3dMapping id="tipOcclusionUpdateArea1End" node="0>1|0|0" />
	</i3dMappings>
</placeable>
