<?xml version="1.0" encoding="utf-8" standalone="no" ?>
<placeable type="silo" xmlns:xsi="http://www.w3.org/2001/XMLSchema-instance" xsi:noNamespaceSchemaLocation="../../../../shared/xml/schema/placeable.xsd">
    <storeData>
        <name>$l10n_shopItem_mobileBuyingStation</name>
		<functions>
            <function>$l10n_function_fillableSilo</function>
        </functions>
        <image>icons/store_mobileBuyingStation.dds</image>
        <price>500</price>
        <canBeSold>true</canBeSold>
        <showInStore>true</showInStore>
        <lifetime>1000</lifetime>
        <rotation>0</rotation>
        <brand>NONE</brand>
        <species>placeable</species>
        <category>fillableTanks</category>
        <brush>
            <type>placeable</type>
            <category>buildings</category>
            <tab>containers</tab>
        </brush>
        <vertexBufferMemoryUsage>22784</vertexBufferMemoryUsage>
        <indexBufferMemoryUsage>4096</indexBufferMemoryUsage>
        <textureMemoryUsage>524288</textureMemoryUsage>
        <audioMemoryUsage>0</audioMemoryUsage>
        <instanceVertexBufferMemoryUsage>0</instanceVertexBufferMemoryUsage>
        <instanceIndexBufferMemoryUsage>0</instanceIndexBufferMemoryUsage>
    </storeData>

    <base>
        <filename>i3d/mobileBuyingStation.i3d</filename>
		<canBeRenamed>true</canBeRenamed>
    </base>

    <placement useRandomYRotation="false" useManualYRotation="true" />

    <clearAreas />
    <leveling />
    <indoorAreas />
	
    <tipOcclusionUpdateAreas>
        <tipOcclusionUpdateArea startNode="tipOcclusionUpdateArea1Start" endNode="tipOcclusionUpdateArea1End" />
    </tipOcclusionUpdateAreas>
	
    <ai>
        <updateAreas>
            <updateArea startNode="tipOcclusionUpdateArea1Start" endNode="tipOcclusionUpdateArea1End" />
        </updateAreas>
    </ai>

	<infoTrigger triggerNode="infoTrigger"/>
	
	<silo playerActionTrigger="refillPlayerTrigger">
        <loadingStation node="loadingTrigger" supportsExtension="false" >
            <loadTrigger triggerNode="loadingTrigger" fillLitersPerSecond="2500" fillTypes="SEEDS FERTILIZER LIQUIDFERTILIZER LIME HERBICIDE"/>
        </loadingStation>

        <unloadingStation supportsExtension="false">
            <unloadTrigger exactFillRootNode="exactFillRootNode" fillTypes="SEEDS FERTILIZER LIQUIDFERTILIZER LIME HERBICIDE"/>
        </unloadingStation>

        <storages>
            <storage node="storage" fillTypes="SEEDS FERTILIZER LIQUIDFERTILIZER LIME HERBICIDE" capacity="100000" isExtension="false">
                <startFillLevel fillType="SEEDS" capacity="100000" fillLevel="0" />
                <startFillLevel fillType="FERTILIZER" capacity="100000" fillLevel="0" />
                <startFillLevel fillType="LIQUIDFERTILIZER" capacity="100000" fillLevel="0" />
                <startFillLevel fillType="LIME" capacity="100000" fillLevel="0" />
                <startFillLevel fillType="HERBICIDE" capacity="100000" fillLevel="0" />
            </storage>
        </storages>
    </silo>

    <hotspots>
        <hotspot type="LOADING" linkNode="mapPosition" teleportNode="mapPosition" />
    </hotspots>

    <triggerMarkers>
        <triggerMarker node="refillTriggerMarker" filename="$data/shared/assets/marker/markerIcons.xml" id="WRENCH" adjustToGround="false" />
    </triggerMarkers>
	
	<i3dMappings>
		<i3dMapping id="mobileUtility" node="0>" />
		<i3dMapping id="visual" node="0>0" />
		<i3dMapping id="shoppingBasket" node="0>0|0" />
        <i3dMapping id="storage" node="0>0|0|0" />
        <i3dMapping id="mapPosition" node="0>0|0|1" />
        <i3dMapping id="loadingStation" node="0>0|0|2" />
        <i3dMapping id="loadingTrigger" node="0>0|0|2|0" />
        <i3dMapping id="unloadingStation" node="0>0|0|3" />
        <i3dMapping id="exactFillRootNode" node="0>0|0|3|0" />
        <i3dMapping id="infoTrigger" node="0>0|0|4" />
        <i3dMapping id="refillPlayerTrigger" node="0>0|0|5" />
        <i3dMapping id="refillTriggerMarker" node="0>0|0|5|0" />
        <i3dMapping id="tipOcclusionUpdateAreas" node="0>1" />
        <i3dMapping id="tipOcclusionUpdateArea1Start" node="0>1|0" />
        <i3dMapping id="tipOcclusionUpdateArea1End" node="0>1|0|0" />
	</i3dMappings>
</placeable>
