<?xml version="1.0" encoding="utf-8" standalone="no" ?>
<modDesc descVersion="63">
	<author>kenny456</author>
	<version>1.0.0.0</version>
	<title>
		<en>Timber Trailer Info</en>
	</title>
	<description>
        <en>
<![CDATA[
This mod shows you additional info about loaded tree logs on your trailer.
- Count, total mass and volume of tree logs are displayed in F1 menu
- Mod function is added to all vehicles / trailers with "tensionBelt" specialization
- Total transported tree logs count (per session/all time) is displayed in small HUD next to speedometer
- You can resize HUD (you can toggle between 4 sizes or set size manually in xml config file)
- You can move HUD on your screen
- You can activate / deactivate mod function for each vehicle (saved in xml config file)
- All controls can be set in your Inputbindings

Default controls:
KEY_lctrl KEY_w - turn on / off mod function for current vehicle
KEY_lctrl KEY_KP_minus - show / hide statistics HUD
KEY_lctrl KEY_KP_plus - resize HUD
KEY_lalt KEY_KP_4 / 6 - move HUD left / right
KEY_lalt KEY_KP_8 / 5 - move HUD up / down
]]>
        </en>
        <de>
<![CDATA[
Dieser Mod zeigt Ihnen zusätzliche Informationen zu geladenen Baumstämmen auf Ihrem Anhänger.
- Anzahl, Gesamtmasse und Volumen der Baumstämme werden im F1-Menü angezeigt
- Mod-Funktion wird allen Fahrzeugen / Anhängern mit der Spezialisierung "tensionBelt" hinzugefügt
- Die Gesamtzahl der transportierten Baumstämme (pro Sitzung/Gesamtzeit) wird in einem kleinen HUD neben dem Tachometer angezeigt
- Sie können die HUD-Größe ändern (Sie können zwischen 4 Größen wechseln oder die Größe manuell in der XML-Konfigurationsdatei festlegen)
- Sie können das HUD auf Ihrem Bildschirm verschieben
- Sie können die Mod-Funktion für jedes Fahrzeug aktivieren / deaktivieren (in XML-Konfigurationsdatei gespeichert)
- Alle Steuerelemente können in Ihren Inputbindings eingestellt werden

Standardsteuerelemente:
KEY_lctrl KEY_w - Mod-Funktion für aktuelles Fahrzeug ein- / ausschalten
KEY_lctrl KEY_KP_minus - Statistik-HUD ein-/ausblenden
KEY_lctrl KEY_KP_plus - HUD-Größe ändern
KEY_lalt KEY_KP_4 / 6 - HUD nach links / rechts bewegen
KEY_lalt KEY_KP_8 / 5 - HUD nach oben / unten bewegen
]]>
        </de>
        <fr>
<![CDATA[
Ce mod vous montre des informations supplémentaires sur les journaux d'arbres chargés sur votre remorque.
- Le nombre, la masse totale et le volume des troncs d'arbres sont affichés dans le menu F1
- La fonction Mod est ajoutée à tous les véhicules / remorques avec la spécialisation "tensionBelt"
- Le nombre total de journaux d'arbres transportés (par session/tout le temps) est affiché dans un petit HUD à côté du compteur de vitesse
- Vous pouvez redimensionner le HUD (vous pouvez basculer entre 4 tailles ou définir la taille manuellement dans le fichier de configuration xml)
- Vous pouvez déplacer le HUD sur votre écran
- Vous pouvez activer/désactiver la fonction mod pour chaque véhicule (enregistré dans le fichier de configuration xml)
- Tous les contrôles peuvent être définis dans vos Inputbindings

Contrôles par défaut :
KEY_lctrl KEY_w - activer/désactiver la fonction mod pour le véhicule actuel
KEY_lctrl KEY_KP_minus - afficher/masquer les statistiques HUD
KEY_lctrl KEY_KP_plus - redimensionner le HUD
KEY_lalt KEY_KP_4 / 6 - déplacer le HUD à gauche / à droite
KEY_lalt KEY_KP_8 / 5 - déplacer le HUD vers le haut/bas
]]>
        </fr>
	</description>
	<iconFilename>icon_timberTrailerInfo.dds</iconFilename>
	<multiplayer supported="true"/>
	<extraSourceFiles>
		<sourceFile filename="register.lua" />
	</extraSourceFiles>
	<l10n>
		<text name="input_TIMBER_TRAILER_INFO_TOGGLE_ACTIVE">
            <en>Timber Trailer Info: Activate / deactivate mod</en>
            <de>Timber Trailer Info: Mod aktivieren / deaktivieren</de>
        </text>
		<text name="input_TIMBER_TRAILER_INFO_TOGGLE_SIZE">
			<en>Timber Trailer Info: Resize HUD</en>
			<de>Timber Trailer Info: Ändern Sie die Größe des HUD</de>
		</text>
		<text name="input_TIMBER_TRAILER_INFO_MOVE_HUD_TRIGGER">
			<en>Timber Trailer Info: Move HUD</en>
			<de>Timber Trailer Info: Bewegen Sie das HUD</de>
		</text>
		<text name="input_TIMBER_TRAILER_INFO_MOVE_HUD_LEFT">
			<en>Timber Trailer Info: Move HUD left</en>
			<de>Timber Trailer Info: Bewegen Sie das HUD nach links</de>
		</text>
		<text name="input_TIMBER_TRAILER_INFO_MOVE_HUD_RIGHT">
			<en>Timber Trailer Info: Move HUD right</en>
			<de>Timber Trailer Info: Bewegen Sie das HUD nach rechts</de>
		</text>
		<text name="input_TIMBER_TRAILER_INFO_MOVE_HUD_UP">
			<en>Timber Trailer Info: Move HUD up</en>
			<de>Timber Trailer Info: Bewegen Sie das HUD nach oben</de>
		</text>
		<text name="input_TIMBER_TRAILER_INFO_MOVE_HUD_DOWN">
			<en>Timber Trailer Info: Move HUD down</en>
			<de>Timber Trailer Info: Bewegen Sie das HUD nach unten</de>
		</text>
		<text name="input_TIMBER_TRAILER_INFO_TOGGLE_STATS">
			<en>Timber Trailer Info: Show / hide Statistics</en>
			<de>Timber Trailer Info: Statistiken ein-/ausblenden</de>
		</text>
		<text name="TIMBER_TRAILER_INFO_TOGGLE_STATS">
			<en>Timber Trailer Info: Show / hide Statistics</en>
			<de>Timber Trailer Info: Statistiken ein-/ausblenden</de>
		</text>
		<text name="TIMBER_TRAILER_INFO_ACTIVATE">
            <en>Timber Trailer Info: Show</en>
            <de>Timber Trailer Info: Show</de>
        </text>
		<text name="TIMBER_TRAILER_INFO_DEACTIVATE">
            <en>Timber Trailer Info: Hide</en>
            <de>Timber Trailer Info: Ausblenden</de>
        </text>
		<text name="TIMBER_TRAILER_INFO_SHOW_STATS">
            <en>Timber Trailer Info: Show Statistics</en>
            <de>Timber Trailer Info: Zeige Statistiken</de>
        </text>
		<text name="TIMBER_TRAILER_INFO_HIDE_STATS">
            <en>Timber Trailer Info: Hide Statistics</en>
            <de>Timber Trailer Info: Statistiken ausblenden</de>
        </text>
		<text name="TIMBER_TRAILER_INFO_COUNT">
            <en>Timber Trailer Info - Logs loaded:</en>
            <de>Timber Trailer Info - Holzstämme geladen:</de>
        </text>
		<text name="TIMBER_TRAILER_INFO_NO_LOGS">
            <en>Timber Trailer Info - No logs loaded</en>
            <de>Timber Trailer Info - Keine Holzstämme geladen</de>
        </text>
		<text name="TIMBER_TRAILER_INFO_HUD_SMALL">
			<en>Small</en>
			<de>Klein</de>
		</text>
		<text name="TIMBER_TRAILER_INFO_HUD_NORMAL">
			<en>Normal</en>
			<de>Normal</de>
		</text>
		<text name="TIMBER_TRAILER_INFO_HUD_LARGE">
			<en>Large</en>
			<de>Groß</de>
		</text>
		<text name="TIMBER_TRAILER_INFO_HUD_LARGER">
			<en>Larger</en>
			<de>Größer</de>
		</text>
		<text name="TIMBER_TRAILER_INFO_HUD_CUSTOM">
			<en>Custom</en>
			<de>Benutzerdefiniert</de>
		</text> 
	</l10n>
	<actions>
        <action name="TIMBER_TRAILER_INFO_TOGGLE_ACTIVE" category="VEHICLE" axisType="HALF" ignoreComboMask="false"/>
        <action name="TIMBER_TRAILER_INFO_TOGGLE_SIZE" category="VEHICLE" axisType="HALF" ignoreComboMask="false"/>
        <action name="TIMBER_TRAILER_INFO_TOGGLE_STATS" category="VEHICLE" axisType="HALF" ignoreComboMask="false"/>
        <action name="TIMBER_TRAILER_INFO_MOVE_HUD_TRIGGER" category="VEHICLE"   axisType="HALF" ignoreComboMask="false"/>
        <action name="TIMBER_TRAILER_INFO_MOVE_HUD_LEFT" category="VEHICLE"   axisType="HALF" ignoreComboMask="false"/>
        <action name="TIMBER_TRAILER_INFO_MOVE_HUD_RIGHT" category="VEHICLE"   axisType="HALF" ignoreComboMask="false"/>
        <action name="TIMBER_TRAILER_INFO_MOVE_HUD_UP" category="VEHICLE"   axisType="HALF" ignoreComboMask="false"/>
        <action name="TIMBER_TRAILER_INFO_MOVE_HUD_DOWN" category="VEHICLE"   axisType="HALF" ignoreComboMask="false"/>
    </actions>
	<inputBinding>
        <actionBinding action="TIMBER_TRAILER_INFO_TOGGLE_ACTIVE">
			<binding device="KB_MOUSE_DEFAULT" input="KEY_lctrl KEY_w" />
		</actionBinding>
        <actionBinding action="TIMBER_TRAILER_INFO_TOGGLE_SIZE">
			<binding device="KB_MOUSE_DEFAULT" input="KEY_lctrl KEY_KP_plus" />
		</actionBinding>
        <actionBinding action="TIMBER_TRAILER_INFO_TOGGLE_STATS">
			<binding device="KB_MOUSE_DEFAULT" input="KEY_lctrl KEY_KP_minus" />
		</actionBinding>
		<actionBinding action="TIMBER_TRAILER_INFO_MOVE_HUD_TRIGGER" >
            <binding device="KB_MOUSE_DEFAULT" input="KEY_lalt" />
        </actionBinding>
		<actionBinding action="TIMBER_TRAILER_INFO_MOVE_HUD_LEFT" >
            <binding device="KB_MOUSE_DEFAULT" input="KEY_lalt KEY_KP_4" />
        </actionBinding>
		<actionBinding action="TIMBER_TRAILER_INFO_MOVE_HUD_RIGHT" >
            <binding device="KB_MOUSE_DEFAULT" input="KEY_lalt KEY_KP_6" />
        </actionBinding>
		<actionBinding action="TIMBER_TRAILER_INFO_MOVE_HUD_UP" >
            <binding device="KB_MOUSE_DEFAULT" input="KEY_lalt KEY_KP_8" />
        </actionBinding>
		<actionBinding action="TIMBER_TRAILER_INFO_MOVE_HUD_DOWN" >
            <binding device="KB_MOUSE_DEFAULT" input="KEY_lalt KEY_KP_5" />
        </actionBinding>
    </inputBinding>
</modDesc>