﻿<?xml version="1.0" encoding="utf-8" standalone="no"?>
<placeable type="simplePlaceable" xmlns:xsi="http://www.w3.org/2001/XMLSchema-instance" xsi:noNamespaceSchemaLocation="../../../../shared/xml/schema/placeable.xsd">
    <storeData>
        <name>$l10n_shopItem_Feuerwehrsirene</name>
        <functions>
            <function>$l10n_function_Feuerwehrsirene</function>
        </functions>
        <image>store_Feuerwehrsirene.dds</image>
        <price>95000</price>
        <dailyUpkeep>50</dailyUpkeep>
        <lifetime>1000</lifetime>
        <rotation>0</rotation>
        <brand>NONE</brand>
        <species>placeable</species>
        <category>placeableMisc</category>
        <brush>
            <type>placeable</type>
            <category>buildings</category>
            <tab>tools</tab>
        </brush>
        <vertexBufferMemoryUsage>440832</vertexBufferMemoryUsage>
        <indexBufferMemoryUsage>47872</indexBufferMemoryUsage>
        <textureMemoryUsage>1835008</textureMemoryUsage>
        <audioMemoryUsage>0</audioMemoryUsage>
        <instanceVertexBufferMemoryUsage>0</instanceVertexBufferMemoryUsage>
        <instanceIndexBufferMemoryUsage>0</instanceIndexBufferMemoryUsage>
    </storeData>
	<base>
        <filename>Feuerwehrsirene.i3d</filename>
    </base>
    <clearAreas>
        <clearArea startNode="clearArea1Start" widthNode="clearArea1Width" heightNode="clearArea1Height"/>
    </clearAreas>
    <leveling requireLeveling="true" maxSmoothDistance="2" maxSlope="75" maxEdgeAngle="30">
        <levelAreas>
            <levelArea startNode="levelArea1Start" widthNode="levelArea1Width" heightNode="levelArea1Height" groundType="asphalt"/>
        </levelAreas>
    </leveling>
    <indoorAreas>
        <indoorArea startNode="indoorArea1Start" widthNode="indoorArea1Width" heightNode="indoorArea1Height"/>
    </indoorAreas>
    <tipOcclusionUpdateAreas>
        <tipOcclusionUpdateArea startNode="tipOcclusionUpdateArea1End" endNode="tipOcclusionUpdateArea1End" />
    </tipOcclusionUpdateAreas>
    <ai>
        <updateAreas>
            <updateArea startNode="tipOcclusionUpdateArea1Start" endNode="tipOcclusionUpdateArea1End" />
        </updateAreas>
    </ai>
	<placement useRandomYRotation="false" useManualYRotation="true">
        <testAreas>
            <testArea startNode="testArea1Start" endNode="testArea1End" />
            <testArea startNode="testArea2Start" endNode="testArea2End" />
        </testAreas>
    </placement>
    <animatedObjects>
		<animatedObject saveId="triggerSirene" >
            <animation duration="0.2">
                <part node="0"> 
                    <keyFrame time="0.0" rotation="90 90 0"/>
                    <keyFrame time="0.5" rotation="92 90 0"/>
					<keyFrame time="1" rotation="90 90 0"/>
                </part>
				<part node="5"> 
                    <keyFrame time="0.0" visibility="false"/>
					<keyFrame time="1" visibility="true" />
                </part>
            </animation>
            <controls triggerNode="Sirene" posAction="ACTIVATE_HANDTOOL" posText="action_SireneOn" negText="action_SireneOut" />
            <sounds>
                <moving file="FeuerwehrSirene.ogg" loops="1" linkNode="0" volume="2" radius="300" innerRadius="75" fadeOut="0.25"/>
            </sounds>
        </animatedObject>
    </animatedObjects>
	<i3dMappings>
		<i3dMapping id="Sirene" node="0>4|0" />
        <i3dMapping id="clearArea1Start" node="0>6|0" />
        <i3dMapping id="clearArea1Width" node="0>6|0|0" />
        <i3dMapping id="clearArea1Height" node="0>6|0|1" />
        <i3dMapping id="levelArea1Start" node="0>7|0" />
        <i3dMapping id="levelArea1Width" node="0>7|0|0" />
        <i3dMapping id="levelArea1Height" node="0>7|0|1" />
        <i3dMapping id="indoorArea1Start" node="0>8|0" />
        <i3dMapping id="indoorArea1Width" node="0>8|0|0" />
        <i3dMapping id="indoorArea1Height" node="0>8|0|1" />
        <i3dMapping id="tipOcclusionUpdateArea1Start" node="0>9|0" />
        <i3dMapping id="tipOcclusionUpdateArea1End" node="0>9|0|0" />
        <i3dMapping id="testArea1Start" node="0>10|0" />
        <i3dMapping id="testArea1End" node="0>10|0|0" />
        <i3dMapping id="testArea2Start" node="0>10|1" />
        <i3dMapping id="testArea2End" node="0>10|1|0" />
    </i3dMappings>
</placeable>
