﻿<?xml version="1.0" encoding="utf-8" standalone="no"?>
<modDesc descVersion="66">
    <author>MTL Modding Team</author>
    <version>1.1.0.0</version>
    <title>
        <en>Fire Siren</en>
        <de>Feuerwehrsirene</de>
    </title>
    <description>
<en><![CDATA[This Fire Siren is used to alert the fire brigade-, police- and rescueworkers.
Price: 95.000$
Daily Upkeep: 50$
placeable object in the category Buildings at Tools

Changelog 1.1.0.0
*Range decreased slightly
*Volume adjusted
*Textures renewed]]></en>
<de><![CDATA[Diese Feuerwehrsirene dient zum Alarmieren der Feuerwehr-, Polizei- und Rettungskräfte.
Preis: 95.000€
Wartungskosten: 50€
Platzierbares Objekt in der Kategorie Gebäude bei Tools

Changelog 1.1.0.0
*Reichweite leicht verringert
*Lautstärke angepasst
*Texturen erneuert]]></de>
<fr><![CDATA[Cette sirène de pompiers est utilisée pour alerter les pompiers, la police et les services de secours.
Prix ​​: 95.000 €
Frais d'entretien : 50€
Objet placable dans la catégorie Bâtiments dans Outils

Journal des modifications 1.1.0.0
*La portée a légèrement diminué
*Volume ajusté
*Textures renouvelées]]></fr>
    </description>
    <iconFilename>icon_Feuerwehrsirene.dds</iconFilename>
    <multiplayer supported="true"/>
    <l10n>
		<text name="action_SireneOn">
            <en>Siren on</en>
            <de>Sirene anschalten</de>
        </text>
		<text name="action_SireneOut">
            <en>Siren off</en>
            <de>Sirene ausschalten</de>
        </text>
		<text name="category_MTLModdingTeam">
			<en>MTL Modding Team</en>
			<de>MTL Modding Team</de>
		</text>
		<text name="function_Feuerwehrsirene">
            <en>This fire siren is used to alert the fire brigade-, police- and rescueworkers.</en>
            <de>Diese Feuerwehrsirene dient zum Alarmieren der Feuerwehr-, Polizei- und Rettungskräfte.</de>
        </text>
		<text name="shopItem_Feuerwehrsirene">
            <en>Fire siren</en>
            <de>Feuerwehrsirene</de>
        </text>
	</l10n>
    <storeItems>
        <storeItem rootNode="placeable" xmlFilename="Feuerwehrsirene.xml"/>
    </storeItems>
</modDesc>
