﻿<?xml version="1.0" encoding="utf-8" standalone="no" ?>
<modDesc descVersion="63">
    <author>Danielmodding</author>
    <version>1.0.0.2</version>
    <title>
        <de>Maßband</de>
        <en>Measure</en>
        <fr>Massband</fr>
    </title>
    <description>

<de>
<![CDATA[Mit diesem Mod können sie die Entfernungen zwischen einem Festen Punkt (den sie mit Alt + Rechtsklick festlegen) und ihrem aktuellen Standort messen.
Die Einheit kann bei aktiver Messung mit einem Mausradklick zwischen Meter und Fuß umgeschaltet werden.

ALT + Rechte Maustaste = Start/Ende Messung
Mausradklick = Meter oder Fuß (Aktive Messung)

Änderungsliste
V1.0.0.2 - Beschreibung überarbeitet, Einheitenumschaltung hinzugefügt.
V1.0.0.0 - Veröffentlichung Modhub
]]>
</de>

<en>
<![CDATA[With this mod you can measure the distances between a fixed point (which you set with Alt + right click) and your current location.
The unit can be switched between meters and feet with a mouse wheel click when the measurement is active.

ALT + right mouse button = start/end measurement
Mouse wheel click = meter or foot (active measurement)

Modification list
V1.0.0.2 - Description revised, unit switching added.
V1.0.0.0 - Release Modhub
]]>
</en>

<fr>
<![CDATA[Avec ce mod, vous pouvez mesurer les distances entre un point fixe (que vous définissez avec Alt + clic droit) et votre position actuelle.
Lorsque la mesure est active, l'unité peut être changée entre mètres et pieds en cliquant sur la molette de la souris.

ALT + bouton droit de la souris = début/fin de la mesure
Clic de la molette de la souris = mètres ou pieds (mesure active)

Liste des modifications
V1.0.0.2 - Révision de la description, ajout du changement d'unité.
V1.0.0.0 - Publication Modhub
]]>
</fr>

    </description>
    <iconFilename>modicon.dds</iconFilename>
    <multiplayer supported="true"/>
     <extraSourceFiles>
        <sourceFile filename="measure.lua"/>
    </extraSourceFiles>
</modDesc>
