﻿<?xml version="1.0" encoding="utf-8" standalone="no" ?>
<vehicle type="shovel">
    <annotation>Copyright (C) GIANTS Software GmbH, All Rights Reserved.</annotation>

    <storeData>
        <name>
			<en>Rake</en>
			<de>Rechen</de>
			<pl>Grabie</pl>
		</name>
        <image>grabie_store.png</image>
        <price>140</price>
        <lifetime>600</lifetime>
        <rotation>0</rotation>
        <brand>LIZARD</brand>
        <category>misc</category>
		<shopTranslationOffset>0 -0.304 0</shopTranslationOffset>
        <vertexBufferMemoryUsage>83712</vertexBufferMemoryUsage>
        <indexBufferMemoryUsage>20992</indexBufferMemoryUsage>
        <textureMemoryUsage>1441792</textureMemoryUsage>
        <audioMemoryUsage>0</audioMemoryUsage>
        <instanceVertexBufferMemoryUsage>0</instanceVertexBufferMemoryUsage>
        <instanceIndexBufferMemoryUsage>0</instanceIndexBufferMemoryUsage>
    </storeData>

    <base>
        <typeDesc>$l10n_typeDesc_frontloaderTool</typeDesc>
        <filename>grabie.i3d</filename>
		<supportsPickUp>true</supportsPickUp>
        <size width="2.5" length="2"/>
        <components>
            <component centerOfMass="0.00 0.40 0.02" solverIterationCount="10" mass="10" />
        </components>
		<schemaOverlay attacherJointPosition="0 0" name="IMPLEMENT" />
    </base>
	
    <fillUnit>
        <fillUnitConfigurations>
            <fillUnitConfiguration>
                <fillUnits>
                    <fillUnit unitTextOverride="$l10n_unit_literShort" fillTypeCategories="bulk windrow" capacity="10000000000000000000000" showInShop="false" updateMass="false" showOnHud="false"/>
                </fillUnits>
            </fillUnitConfiguration>
        </fillUnitConfigurations>
    </fillUnit>
	
	<dischargeable stopDischargeOnDeactivate="true">
        <dischargeNode node="0>4|0" fillUnitIndex="1" emptySpeed="1400" canStartDischargeAutomatically="false">
            <raycast node="0>4|0" maxDistance="30" useWorldNegYDirection="true" yOffset="2"/>
            <info width="2.0" length="1" zOffset="0.5"/>
        </dischargeNode>
    </dischargeable>

    <shovel>
        <shovelNode node="0>4|0" fillUnitIndex="1" loadInfoIndex="1" width="2.4" length="0.5" maxPickupAngle="105" needsActivation="false" needsAttacherVehicle="false" needsMovement="false"/>
    </shovel>
	
	<baseMaterial>
        <material name="model_mat" baseNode="0>2">
            <shaderParameter name="colorMat0" value="VALTRA_RED1"/>
        </material>
    </baseMaterial>

    <baseMaterialConfigurations price="10" useDefaultColors="true" defaultColorIndex="0">
        <baseMaterialConfiguration name="$l10n_szary" color="0.066 0.064 0.061"/>
        <material name="model_mat" shaderParameter="colorMat0" />
    </baseMaterialConfigurations>
</vehicle>
