﻿<?xml version="1.0" encoding="utf-8" standalone="no" ?>
<modDesc descVersion="63">
    <author>Puszkap, Voksel</author>
    <version>1.0.0.0</version>
    <title>
        <en>Rake</en>
		<de>Rechen</de>
		<pl>Grabie</pl>
    </title>
    <description>
        <en>
            <![CDATA[Price: 140€
Capacity: unlimited

Using this rake you can easily and cheaply get rid of the unwanted straw from the field, leftover fodder in the barn and all the other loose materials which are available in the game. (Try not to make sudden and quick moves of the mouse with the rake as it may fall out of your hands).
]]>
        </en>
        <de>
            <![CDATA[Preis: 140€
Kapazität: unbegrenzt

Mit diesem Rechen entsorgen Sie einfach und günstig das unerwünschte Stroh vom Feld, Futterreste im Stall und alle anderen losen Materialien, die im Spiel verfügbar sind. (Versuchen Sie, mit dem Rechen keine plötzlichen und schnellen Bewegungen der Maus zu machen, da er Ihnen aus den Händen fallen könnte).
]]>
        </de>
        <pl>
            <![CDATA[Cena: 140€
Pojemność: nieograniczona

Za pomocą grabi możesz w łatwy i tani sposób pozbyć się niechcianej słomy z pola, resztek paszy w oborze i całej reszty materiałów sypkich dostępnych w grze. (Starajcie się nie robić gwałtownych i szybkich ruchów myszką, gdy macie grabie w ręce, bo mogą wypaść).
]]>
        </pl>
    </description>
    <iconFilename>grabie_icon.dds</iconFilename>
    <multiplayer supported="true" />

    <storeItems>
		<storeItem xmlFilename="grabie.xml"/>
    </storeItems>
	
	<l10n>	
		<text name="szary">
            <en>Gray</en>
            <de>Grau</de>
            <pl>Szary</pl>
        </text>
	</l10n>
</modDesc>
