﻿<?xml version="1.0" encoding="utf-8" standalone="no" ?>
<modDesc descVersion="65">
    <author>kenny456, Marhu</author>
    <version>1.1.0.0</version>
    <title>
        <en>Fliegl Timber Runner Autoload Wood</en>
    </title>
    <description>
<en><![CDATA[This is set of three log trailers, which have larger space between bunks, so you can load / unload them with front loader or big arm loaders.

- Price: 39000 $/ 45000 $/ 55000 $
- Additional bunks which can be folded / unfolded when you are loading short logs to 3 or 4 piles (15m and 20m trailers)
- Back attacher for trailer and trailerLow to all trailers
- Autoload script edited (logs are now sorted to the piles)
- You can change number of logs piles on your trailer from 1 to 4
- You can switch between piles manually
- You can show unload area to see where logs will be unloaded
- You can show load area to see current pile
- You can move, resize and rotate unload area
- Count and total mass of loaded logs are displayed in F1 menu
- All controls can be set in your Inputbindings
- You can enable / disable F1 help, will be saved as global in xml config file

12m trailer: 1 pile up to 12m, 2 piles up to 6m or 3 piles up to 4m
15m trailer: 1 pile up to 15m, 2 piles up to 7.5m or 3 piles up to 5m or 4 piles up to 3.5m
20m trailer: 1 pile up to 20m, 2 piles up to 10m, 3 piles up to 6.5m or 4 piles up to 5m

Controls:
KEY_X - fold / unfold additional bunks (15m and 20m trailers)
KEY_B - start autoload
KEY_Y - start unload
KEY_O - change side (left / right)
KEY_KP_enter - change number of piles
KEY_KP_period - switch to next pile
KEY_lctrl KEY_KP_minus - shift unload position
KEY_lctrl KEY_KP_plus - resize unload position
KEY_KP_0 - rotate unload position
KEY_KP_multiply - show / hide load position (current pile)
KEY_KP_divide - show / hide unload position
KEY_lctrl KEY_t - show / hide F1 help controls (saved in xml config file)

Changelog 1.1.0.0
- Fixed issue when implement icon not turn blue when autoload is active since game patch 1.3.1]]></en>
<de><![CDATA[Dieses Set besteht aus drei Holzanhängern mit einem größeren Abstand zwischen den Rungen, so können Sie mit Frontlader oder großen Radladern be- und entladen.

- Preis: 39000 €/ 45000 €/ 55000 €
- Zusätzliche Rungen, die beim Laden von kurzen Stämmen auf 3 oder 4 Stapel (15- und 20-Meter-Anhänger) ein- und ausgeklappt werden können.
- Zugmaul für Anhänger und Untenanhängung an allen Anhängern
- Autoload-Skript bearbeitet (Stämme werden nun zu den Stapeln sortiert)
- Sie können die Anzahl der Holzstapel auf Ihrem Anhänger von 1 auf 4 ändern
- Sie können manuell zwischen den Stapeln wechseln
- Sie können den Entladebereich anzeigen lassen, um zu sehen wo die Stämme entladen werden
- Sie können den Ladebereich einblenden, um den aktuellen Stapel zu sehen
- Der Entladebereich kann verschoben, in der Größe geändert und gedreht werden
- Anzahl und Gesamtgewicht der geladenen Stämme werden jetzt im F1-Menü angezeigt
- Alle Steuerelemente können in Ihren Input Bindings festgelegt werden
- Sie können die F1-Hilfe aktivieren / deaktivieren. Sie wird als globale Datei in der XML-Konfigurationsdatei gespeichert

12m Anhänger: 1 Stapel bis zu 12m, 2 Stapel bis zu 6m oder 3 Stapel bis zu 4m
15 m Anhänger: 1 Stapel bis zu 15 m, 2 Stapel bis zu 7,5 m oder 3 Stapel bis zu 5 m oder 4 Stapel bis zu 3,5 m
20 m Anhänger: 1 Stapel bis zu 20 m, 2 Stapel bis zu 10 m, 3 Stapel bis zu 6,5 m oder 4 Stapel bis zu 5 m

Steuerung:
KEY_X - Zusatzrungen ein-/ausklappen (15m- und 20m-Anhänger)
KEY_B - Autoload starten
KEY_Y - Entladen starten
KEY_O - Seite wechseln (links / rechts)
KEY_KP_enter - Anzahl der Rungen ändern
KEY_KP_period - zum nächsten Stapel wechseln
KEY_lctrl KEY_KP_minus - Entladeposition verschieben
KEY_lctrl KEY_KP_plus - Größe der Entladeposition ändern
KEY_KP_0 - Entladeposition drehen
KEY_KP_multiply - Ladeposition anzeigen / verbergen (aktueller Stapel)
KEY_KP_divide - Entladeposition ein- / ausblenden
KEY_lctrl KEY_t - F1-Hilfesteuerelemente ein- / ausblenden (in XML-Konfigurationsdatei gespeichert)

Changelog 1.1.0.0
- Problem behoben, bei dem das Gerätesymbol seit Spiel-Patch 1.3.1 nicht blau wird, wenn das automatische Laden aktiv ist]]></de>
<fr><![CDATA[Il s’agit d’un ensemble de trois remorques à grumes, qui disposent d’un espace plus grand entre elles, ce qui vous permet de les charger / décharger avec un chargeur frontal ou avec un chargeur gros bras.

- Prix: 39000 €/ 45000 €/ 55000 €
- Fourches supplémentaires qui peuvent être pliées / dépliées lorsque vous chargez de petites bûches à 3 ou 4 piles (remorques de 15 et 20 m)
- Attache arrière pour remorque et remorqueLow à toutes les remorques
- Script de chargement automatique édité (les journaux sont maintenant triés en piles)
- Vous pouvez changer le nombre de grumes sur votre remorque de 1 à 4
- Vous pouvez basculer manuellement entre les piles
- Vous pouvez afficher la zone de déchargement pour voir où les journaux seront déchargés
- Vous pouvez montrer la zone de chargement pour voir la pile actuelle
- Vous pouvez déplacer, redimensionner et faire pivoter la zone de déchargement
- Le nombre et la masse totale des bûches de bois chargées sont maintenant affichés dans le menu F1
- Tous les contrôles peuvent être définis dans vos Inputbindings
- Vous pouvez activer / désactiver l'aide F1, sera sauvegardé comme global dans le fichier de configuration xml

Remorque de 12m: 1 pile jusqu'à 12m, 2 piles jusqu'à 6m ou 3 piles jusqu'à 4m
Remorque 15 m: 1 pile jusqu'à 15 m, 2 piles jusqu'à 7,5 m ou 3 piles jusqu'à 5 m ou 4 piles jusqu'à 3,5 m
Remorque de 20 m: 1 pile jusqu'à 20 m, 2 piles jusqu'à 10 m, 3 piles jusqu'à 6,5 m ou 4 piles jusqu'à 5 m

Les contrôles:
KEY_X - pliez / dépliez les fourches supplémentaires (remorques de 15 et 20 m)
KEY_B - commence le chargement automatique
KEY_Y - commence le déchargement
KEY_O - changer de côté (gauche / droite)
KEY_KP_enter - change le nombre de piles
KEY_KP_period - passe à la pile suivante
KEY_lctrl KEY_KP_minus - changement de position de déchargement
KEY_lctrl KEY_KP_plus - redimensionner la position de déchargement
KEY_KP_0 - fait pivoter la position de déchargement
KEY_KP_multiply - affiche / cache la position de chargement (pile actuelle)
KEY_KP_divide - Affiche / cache la position de déchargement
KEY_lctrl KEY_t - affiche / cache les commandes d'aide F1 (enregistrées dans le fichier de configuration xml)

Changelog 1.1.0.0
- Problème résolu lorsque l'icône d'outil ne devient pas bleue lorsque le chargement automatique est actif depuis le patch 1.3.1 du jeu]]></fr>
    </description>    <iconFilename>icon_flieglTimberRunnerAutoloadWood.dds</iconFilename>
    <multiplayer supported="true"/>
    <storeItems>
        <storeItem xmlFilename="timberRunner12.xml"/>
        <storeItem xmlFilename="timberRunner15.xml"/>
        <storeItem xmlFilename="timberRunner20.xml"/>
    </storeItems>
    <specializations>
        <specialization name="autoLoadWood" className="AutoLoadWood" filename="Script/autoLoadWood.lua"/>
    </specializations>
    <vehicleTypes>
        <type name="autoLoadWoodTrailer" parent="baseAttachable" className="Vehicle" filename="$dataS/scripts/vehicles/Vehicle.lua">
            <specialization name="ikChains"/>
            <specialization name="tensionBelts"/>
            <specialization name="dynamicMountAttacher"/>
            <specialization name="autoLoadWood"/>
			<specialization name="turnOnVehicle"/>
        </type>
    </vehicleTypes>
    <l10n>
        <text name="input_AUTOLOADWOOD_TOGGLE_AUTO">
            <en>AL: Autoload wood (On/Off)</en>
            <de>AL: Autoload Holz (Ein / Aus)</de>
        </text>
        <text name="input_AUTOLOADWOOD_TOGGLE_UNLOAD">
            <en>AL: Unload wood (On/Off)</en>
            <de>AL: Holz entladen (Ein / Aus)</de>
        </text>
        <text name="input_AUTOLOADWOOD_TOGGLE_SIDE">
            <en>AL: Autoload toggle sides (left/right)</en>
            <de>AL: Seiten automatisch laden (links / rechts)</de>
        </text>
        <text name="input_AUTOLOADWOOD_TOGGLE_PILES">
            <en>AL: Change number of piles</en>
            <de>AL: Stapelanzahl ändern</de>
        </text>
        <text name="input_AUTOLOADWOOD_SWITCH_PILE">
            <en>AL: Switch pile</en>
            <de>AL: Stapel wechseln</de>
        </text>
        <text name="input_AUTOLOADWOOD_TOGGLE_LOAD_MARKER">
            <en>AL: Toggle load marker (show/hide)</en>
            <de>AL: Lademarkierung ein- / ausblenden</de>
        </text>
        <text name="input_AUTOLOADWOOD_TOGGLE_UNLOAD_MARKER">
            <en>AL: Toggle unload marker (show/hide)</en>
            <de>AL: Markierung zum Entladen ein- / ausblenden</de>
        </text>
        <text name="input_AUTOLOADWOOD_UNLOAD_MARKER_MOVE">
            <en>AL: Shift unloading position</en>
            <de>AL: Entladeposition verschieben</de>
        </text>
        <text name="input_AUTOLOADWOOD_UNLOAD_MARKER_SCALE">
            <en>AL: Resize unloading position</en>
            <de>AL: Größe der Entladeposition ändern</de>
        </text>
        <text name="input_AUTOLOADWOOD_UNLOAD_MARKER_ROTATE">
            <en>AL: Rotate unloading position</en>
            <de>AL: Entladeposition drehen</de>
        </text>
        <text name="input_AUTOLOADWOOD_TOGGLE_HELP">
            <en>AL: Toggle help (show/hide)</en>
            <de>AL: Hilfe ein- / ausblenden</de>
        </text>
        <text name="AUTOLOADWOOD_START_AUTOLOAD">
            <en>AL: Start autoload wood</en>
            <de>AL: Automatisches laden von Holz starten</de>
        </text>
        <text name="AUTOLOADWOOD_STOP_AUTOLOAD">
            <en>AL: Stop autoload wood</en>
            <de>AL: Automatisches laden von Holz stoppen</de>
        </text>
        <text name="AUTOLOADWOOD_START_UNLOAD">
            <en>AL: Start unload</en>
            <de>AL: Entladen starten</de>
        </text>
        <text name="AUTOLOADWOOD_STOP_UNLOAD">
            <en>AL: Stop unload</en>
            <de>AL: Entladen stoppen</de>
        </text>
        <text name="AUTOLOADWOOD_SWITCH_RIGHT">
            <en>AL: Switch autoload to right</en>
            <de>AL: Autoload nach rechts schalten</de>
        </text>
        <text name="AUTOLOADWOOD_SWITCH_LEFT">
            <en>AL: Switch autoload to left</en>
            <de>AL: Autoload nach links schalten</de>
        </text>
        <text name="AUTOLOADWOOD_SHOW_LOAD_MARKER">
            <en>AL: Show loading position</en>
            <de>AL: Ladeposition anzeigen</de>
        </text>
        <text name="AUTOLOADWOOD_HIDE_LOAD_MARKER">
            <en>AL: Hide loading position</en>
            <de>AL: Ladeposition ausblenden</de>
        </text>
        <text name="AUTOLOADWOOD_SHOW_UNLOAD_MARKER">
            <en>AL: Show unloading position</en>
            <de>AL: Entladeposition anzeigen</de>
        </text>
        <text name="AUTOLOADWOOD_HIDE_UNLOAD_MARKER">
            <en>AL: Hide unloading position</en>
            <de>AL: Entladeposition ausblenden</de>
        </text>
        <text name="AUTOLOADWOOD_SHOW_POSITION">
            <en>AL: Show position</en>
            <de>AL: Position anzeigen</de>
        </text>
        <text name="AUTOLOADWOOD_HIDE_POSITION">
            <en>AL: Hide position</en>
            <de>AL: Position ausblenden</de>
        </text>
        <text name="AUTOLOADWOOD_SHOW_HELP">
            <en>AL: Show help for autoload</en>
            <de>AL: Hilfe zum automatischen Laden anzeigen</de>
        </text>
        <text name="AUTOLOADWOOD_HIDE_HELP">
            <en>AL: Hide help for autoload</en>
            <de>AL: Hilfe für Autoload ausblenden</de>
        </text>
        <text name="AUTOLOADWOOD_Unfold_additional_forks">
            <en>AL: Unfold additional forks</en>
            <de>AL: Zusätzliche Rungen ausfahren</de>
        </text>
        <text name="AUTOLOADWOOD_Fold_additional_forks">
            <en>AL: Fold additional forks</en>
            <de>AL: Zusätzliche Rungen einfahren</de>
        </text>
        <text name="AUTOLOADWOOD_COUNT">
            <en>Autoload Wood - Logs loaded:</en>
            <de>Autoload Wood - Holzstämme geladen:</de>
        </text>
        <text name="AUTOLOADWOOD_NO_LOGS">
            <en>Autoload Wood - No logs loaded</en>
            <de>Autoload Wood - Keine Holzstämme geladen</de>
        </text>
    </l10n>
    <actions>
        <action name="AUTOLOADWOOD_TOGGLE_AUTO" category="VEHICLE" axisType="HALF" ignoreComboMask="false"/>
        <action name="AUTOLOADWOOD_TOGGLE_UNLOAD" category="VEHICLE" axisType="HALF" ignoreComboMask="false"/>
        <action name="AUTOLOADWOOD_TOGGLE_SIDE" category="VEHICLE" axisType="HALF" ignoreComboMask="false"/>
        <action name="AUTOLOADWOOD_TOGGLE_PILES" category="VEHICLE" axisType="HALF" ignoreComboMask="false"/>
        <action name="AUTOLOADWOOD_SWITCH_PILE" category="VEHICLE" axisType="HALF" ignoreComboMask="false"/>
        <action name="AUTOLOADWOOD_TOGGLE_LOAD_MARKER" category="VEHICLE" axisType="HALF" ignoreComboMask="false"/>
        <action name="AUTOLOADWOOD_TOGGLE_UNLOAD_MARKER" category="VEHICLE" axisType="HALF" ignoreComboMask="false"/>
        <action name="AUTOLOADWOOD_UNLOAD_MARKER_MOVE" category="VEHICLE" axisType="HALF" ignoreComboMask="false"/>
        <action name="AUTOLOADWOOD_UNLOAD_MARKER_SCALE" category="VEHICLE" axisType="HALF" ignoreComboMask="false"/>
        <action name="AUTOLOADWOOD_UNLOAD_MARKER_ROTATE" category="VEHICLE" axisType="HALF" ignoreComboMask="false"/>
        <action name="AUTOLOADWOOD_TOGGLE_HELP" category="VEHICLE" axisType="HALF" ignoreComboMask="false"/>
    </actions>
    <inputBinding>
        <actionBinding action="AUTOLOADWOOD_TOGGLE_AUTO">
            <binding device="KB_MOUSE_DEFAULT" input="KEY_b"/>
        </actionBinding>
        <actionBinding action="AUTOLOADWOOD_TOGGLE_UNLOAD">
            <binding device="KB_MOUSE_DEFAULT" input="KEY_z"/>
        </actionBinding>
        <actionBinding action="AUTOLOADWOOD_TOGGLE_SIDE">
            <binding device="KB_MOUSE_DEFAULT" input="KEY_o"/>
        </actionBinding>
        <actionBinding action="AUTOLOADWOOD_TOGGLE_PILES">
            <binding device="KB_MOUSE_DEFAULT" input="KEY_KP_enter"/>
        </actionBinding>
        <actionBinding action="AUTOLOADWOOD_SWITCH_PILE">
            <binding device="KB_MOUSE_DEFAULT" input="KEY_KP_period"/>
        </actionBinding>
        <actionBinding action="AUTOLOADWOOD_TOGGLE_LOAD_MARKER">
            <binding device="KB_MOUSE_DEFAULT" input="KEY_KP_multiply"/>
        </actionBinding>
        <actionBinding action="AUTOLOADWOOD_TOGGLE_UNLOAD_MARKER">
            <binding device="KB_MOUSE_DEFAULT" input="KEY_KP_divide"/>
        </actionBinding>
        <actionBinding action="AUTOLOADWOOD_UNLOAD_MARKER_MOVE">
            <binding device="KB_MOUSE_DEFAULT" input="KEY_lctrl KEY_KP_minus"/>
        </actionBinding>
        <actionBinding action="AUTOLOADWOOD_UNLOAD_MARKER_SCALE">
            <binding device="KB_MOUSE_DEFAULT" input="KEY_lctrl KEY_KP_plus"/>
        </actionBinding>
        <actionBinding action="AUTOLOADWOOD_UNLOAD_MARKER_ROTATE">
            <binding device="KB_MOUSE_DEFAULT" input="KEY_KP_0"/>
        </actionBinding>
        <actionBinding action="AUTOLOADWOOD_TOGGLE_HELP">
            <binding device="KB_MOUSE_DEFAULT" input="KEY_lctrl KEY_t"/>
        </actionBinding>
    </inputBinding>
</modDesc>
