<?xml version="1.0" encoding="utf-8" standalone="no"?>
<vehicle type="autoLoadWoodTrailer" xmlns:xsi="http://www.w3.org/2001/XMLSchema-instance" xsi:noNamespaceSchemaLocation="../../../../shared/xml/schema/vehicle.xsd">
    <annotation>Copyright (C) GIANTS Software GmbH, All Rights Reserved.</annotation>

    <storeData>
        <name>Timber Runner 20m Autoload</name>
        <specs>
            <combination filterCategory="trucks" />
            <combination xmlFilename="$data/vehicles/krampe/dolly10L/dolly10L.xml"/>
        </specs>
        <functions>
            <function>$l10n_function_forestryTransport</function>
            <function>$l10n_function_semiTrailer</function>
        </functions>
        <image>store_timberRunner20.png</image>
        <price>55000</price>
        <lifetime>600</lifetime>
        <rotation>0</rotation>
        <brand>FLIEGL</brand>
        <category>wood</category>
        <shopTranslationOffset>0 -0.119 0</shopTranslationOffset>
        <shopRotationOffset>-0.993 0 0</shopRotationOffset>
    </storeData>
	<configurationSets>
        <configurationSet name="$l10n_configuration_valueDefault">
            <configuration name="attacherJoint" index="1"/>
        </configurationSet>
        <configurationSet name="$l10n_configuration_trailerAttacherBack">
            <configuration name="attacherJoint" index="2"/>
        </configurationSet>
    </configurationSets>

    <base>
        <typeDesc>$l10n_typeDesc_trailer</typeDesc>
        <filename>timberRunner20.i3d</filename>
        <size width="3.5" length="20" lengthOffset="0.3"/>
        <components>
            <component centerOfMass="0 0.58 -4" solverIterationCount="30" mass="7500" />
        </components>
        <schemaOverlay attacherJointPosition="0 0" name="IMPLEMENT" />
    </base>

    <wheels>
        <wheelConfigurations>
            <wheelConfiguration name="$l10n_configuration_valueDefault" price="0" brand="CONTINENTAL" saveId="CONTINENTAL_DEFAULT">
                <wheels>
                    <wheel filename="$data/shared/wheels/tires/continental/contiCrossTracHS3/385_65R22_5.xml" configId="truckTrailer03" isLeft="true" hasParticles="true">
                        <physics restLoad="0.9" repr="wheelLeftFront"   forcePointRatio="0.3" initialCompression="15" suspTravel="0.08" spring="65" damper="42" yOffset="-0.028"/>
                        <wheelChock parkingNode="wheelChock01" />
                        <wheelChock parkingNode="wheelChock02" isInverted="true" />
                    </wheel>
                    <wheel filename="$data/shared/wheels/tires/continental/contiCrossTracHS3/385_65R22_5.xml" configId="truckTrailer03" isLeft="false" hasParticles="true">
                        <physics restLoad="0.9" repr="wheelRightFront"  forcePointRatio="0.3" initialCompression="15" suspTravel="0.08" spring="65" damper="42" yOffset="-0.028"/>
                    </wheel>
                    <wheel filename="$data/shared/wheels/tires/continental/contiCrossTracHS3/385_65R22_5.xml" configId="truckTrailer03" isLeft="true" hasTireTracks="true">
                        <physics restLoad="0.9" repr="wheelLeftMiddle"  forcePointRatio="0.3" initialCompression="15" suspTravel="0.08" spring="65" damper="42" yOffset="-0.005"/>
                    </wheel>
                    <wheel filename="$data/shared/wheels/tires/continental/contiCrossTracHS3/385_65R22_5.xml" configId="truckTrailer03" isLeft="false" hasTireTracks="true">
                        <physics restLoad="0.9" repr="wheelRightMiddle" forcePointRatio="0.3" initialCompression="15" suspTravel="0.08" spring="65" damper="42" yOffset="-0.005"/>
                    </wheel>
                    <wheel filename="$data/shared/wheels/tires/continental/contiCrossTracHS3/385_65R22_5.xml" configId="truckTrailer03" isLeft="true" hasParticles="true">
                        <physics restLoad="0.9" repr="wheelLeftBack"    forcePointRatio="0.3" initialCompression="15" suspTravel="0.08" spring="65" damper="42" yOffset="0.02"/>
                    </wheel>
                    <wheel filename="$data/shared/wheels/tires/continental/contiCrossTracHS3/385_65R22_5.xml" configId="truckTrailer03" isLeft="false" hasParticles="true">
                        <physics restLoad="0.9" repr="wheelRightBack"   forcePointRatio="0.3" initialCompression="15" suspTravel="0.08" spring="65" damper="42" yOffset="0.02"/>
                    </wheel>
                </wheels>
                <objectChange node="wheelLeftFrontHub"   visibilityActive="false" visibilityInactive="true" />
                <objectChange node="wheelRightFrontHub"  visibilityActive="false" visibilityInactive="true" />
                <objectChange node="wheelLeftMiddleHub"  visibilityActive="false" visibilityInactive="true" />
                <objectChange node="wheelRightMiddleHub" visibilityActive="false" visibilityInactive="true" />
                <objectChange node="wheelLeftBackHub"    visibilityActive="false" visibilityInactive="true" />
                <objectChange node="wheelRightBackHub"   visibilityActive="false" visibilityInactive="true" />
            </wheelConfiguration>

            <wheelConfiguration name="$l10n_configuration_valueWheelBroad" price="600" brand="TRELLEBORG" saveId="TRELLEBORG_DEFAULT">
                <wheels baseConfig="CONTINENTAL_DEFAULT">
                    <wheel filename="$data/shared/wheels/tires/trelleborg/T404/560_45R22_5.xml" configId="-">
                        <physics restLoad="1.0" yOffset="-0.032"/>
                        <wheelChock parkingNode="wheelChock01" />
                        <wheelChock parkingNode="wheelChock02" isInverted="true" />
                    </wheel>
                    <wheel filename="$data/shared/wheels/tires/trelleborg/T404/560_45R22_5.xml" configId="-">
                        <physics restLoad="1.0" yOffset="-0.032"/>
                    </wheel>
                    <wheel filename="$data/shared/wheels/tires/trelleborg/T404/560_45R22_5.xml" configId="-">
                        <physics restLoad="1.0" yOffset="-0.004"/>
                    </wheel>
                    <wheel filename="$data/shared/wheels/tires/trelleborg/T404/560_45R22_5.xml" configId="-">
                        <physics restLoad="1.0" yOffset="-0.004"/>
                    </wheel>
                    <wheel filename="$data/shared/wheels/tires/trelleborg/T404/560_45R22_5.xml" configId="-">
                        <physics restLoad="1.0" yOffset="0.026"/>
                    </wheel>
                    <wheel filename="$data/shared/wheels/tires/trelleborg/T404/560_45R22_5.xml" configId="-">
                        <physics restLoad="1.0" yOffset="0.026"/>
                    </wheel>
                </wheels>
            </wheelConfiguration>
        </wheelConfigurations>

        <hubs>
            <color1>SHARED_GREY3</color1>
            <hub linkNode="wheelLeftFrontHub"   filename="$data/shared/wheels/hubs/hub_n10_5.xml" isLeft="true"  scale="0.285 0.285 0.285" />
            <hub linkNode="wheelRightFrontHub"  filename="$data/shared/wheels/hubs/hub_n10_5.xml" isLeft="false" scale="0.285 0.285 0.285" />
            <hub linkNode="wheelLeftMiddleHub"  filename="$data/shared/wheels/hubs/hub_n10_5.xml" isLeft="true"  scale="0.285 0.285 0.285" />
            <hub linkNode="wheelRightMiddleHub" filename="$data/shared/wheels/hubs/hub_n10_5.xml" isLeft="false" scale="0.285 0.285 0.285" />
            <hub linkNode="wheelLeftBackHub"    filename="$data/shared/wheels/hubs/hub_n10_5.xml" isLeft="true"  scale="0.285 0.285 0.285" />
            <hub linkNode="wheelRightBackHub"   filename="$data/shared/wheels/hubs/hub_n10_5.xml" isLeft="false" scale="0.285 0.285 0.285" />
        </hubs>
    </wheels>

    <dynamicallyLoadedParts>
        <dynamicallyLoadedPart node="0" linkNode="chockSupport01" filename="$data/shared/assets/wheelChocks/wheelChockSupport01.i3d"/>
        <dynamicallyLoadedPart node="0" linkNode="chockSupport02" filename="$data/shared/assets/wheelChocks/wheelChockSupport01.i3d"/>
    </dynamicallyLoadedParts>

    <attachable>
        <inputAttacherJoints>
            <inputAttacherJoint node="attacherJoint" jointType="semitrailer" attacherHeight="1.33"/>
        </inputAttacherJoints>
        <support animationName="moveSupport"/>
        <brakeForce force="0.6" />
    </attachable>
	<attacherJoints comboDuration="2">
        <attacherJointConfigurations>
            <attacherJointConfiguration name="Default" price="0">
                <objectChange node="attacherTrans" visibilityActive="false"/>
            </attacherJointConfiguration>
            <attacherJointConfiguration name="Trailer Back Attacher" price="500">
                <attacherJoint node="attacherJointTrailer" jointType="trailer" lowerRotLimit="10 90 65" upperRotationOffset="0" allowsJointLimitMovement="false">
                    <distanceToGround lower="0.34" upper="0.98"/>
                    <transNode node="attacherTrans" minY="0.323" maxY="0.97"/>
                    <schema position="1 0" rotation="0" invertX="false"/>
                </attacherJoint>
                <attacherJoint node="attacherJointTrailer" jointType="trailerLow" lowerRotLimit="10 90 65" upperRotationOffset="0" allowsJointLimitMovement="false">
                    <distanceToGround lower="0.34" upper="0.98"/>
                    <transNode node="attacherTrans" minY="0.323" maxY="0.97"/>
                    <schema position="1 0" rotation="0" invertX="false"/>
                </attacherJoint>
                <objectChange node="attacherTrans" visibilityActive="true"/>
            </attacherJointConfiguration>
        </attacherJointConfigurations>
		<sounds>
            <attach template="ATTACH_01" />
            <hydraulic template="defaultHydraulicSound" />
        </sounds>
    </attacherJoints>

    <connectionHoses>
        <hose inputAttacherJointIndices="1" type="electric"        node="electric"  length="1.8" diameter="0.008" minCenterPointOffset="0 -0.2 0" maxCenterPointOffset="0 0 0" straighteningFactor="0.5" outgoingAdapter="DEFAULT"/>
        <hose inputAttacherJointIndices="1" type="airDoubleRed"    node="airRed"    length="1.8" diameter="0.015" minCenterPointOffset="0 -0.2 0" maxCenterPointOffset="0 0 0" straighteningFactor="0.5" outgoingAdapter="DEFAULT" socket="air_red"/>
        <hose inputAttacherJointIndices="1" type="airDoubleYellow" node="airYellow" length="1.8" diameter="0.015" minCenterPointOffset="0 -0.2 0" maxCenterPointOffset="0 0 0" straighteningFactor="0.5" outgoingAdapter="DEFAULT" socket="air_yellow"/>
    </connectionHoses>

    <licensePlates>
        <licensePlate node="licensePlateBack" preferedType="ELONGATED" position="BACK" placementArea="0.11 0.27 0.11 0.27"/>
    </licensePlates>

    <lights>
        <sharedLight linkNode="rear5ChamberLight_02_left"  filename="$data/shared/assets/lights/lizard/rearLight16_left.xml" />
        <sharedLight linkNode="rear5ChamberLight_02_right" filename="$data/shared/assets/lights/lizard/rearLight16_right.xml" />
        <sharedLight linkNode="sideMarker_03_left"         filename="$data/shared/assets/lights/lizard/sideMarker03_left.xml" />
        <sharedLight linkNode="sideMarker_03_right"        filename="$data/shared/assets/lights/lizard/sideMarker03_right.xml" />
        <sharedLight linkNode="rearLightCircleWhite_02_1"  filename="$data/shared/assets/lights/lizard/rearLight22White.xml" />
        <sharedLight linkNode="rearLightCircleWhite_02_2"  filename="$data/shared/assets/lights/lizard/rearLight22White.xml" />
        <sharedLight linkNode="sideMarker_09_1"            filename="$data/shared/assets/lights/lizard/sideMarker16Orange.xml" />
        <sharedLight linkNode="sideMarker_09_2"            filename="$data/shared/assets/lights/lizard/sideMarker16Orange.xml" />
        <sharedLight linkNode="sideMarker_09_3"            filename="$data/shared/assets/lights/lizard/sideMarker16Orange.xml" />
        <sharedLight linkNode="sideMarker_09_4"            filename="$data/shared/assets/lights/lizard/sideMarker16Orange.xml" />
        <sharedLight linkNode="sideMarker_09_5"            filename="$data/shared/assets/lights/lizard/sideMarker16Orange.xml" />
        <sharedLight linkNode="sideMarker_09_6"            filename="$data/shared/assets/lights/lizard/sideMarker16Orange.xml" />
        <sharedLight linkNode="sideMarker_09_7"            filename="$data/shared/assets/lights/lizard/sideMarker16Orange.xml" />
        <sharedLight linkNode="sideMarker_09_8"            filename="$data/shared/assets/lights/lizard/sideMarker16Orange.xml" />
        <sharedLight linkNode="sideMarker_09_9"            filename="$data/shared/assets/lights/lizard/sideMarker16Orange.xml" />
        <sharedLight linkNode="sideMarker_09_10"           filename="$data/shared/assets/lights/lizard/sideMarker16Orange.xml" />
        <sharedLight linkNode="frontLightCone_01_1"        filename="$data/shared/assets/lights/lizard/frontLight02.xml" />
        <sharedLight linkNode="frontLightCone_01_2"        filename="$data/shared/assets/lights/lizard/frontLight02.xml" />
        <sharedLight linkNode="plateNumberLight01"         filename="$data/shared/assets/lights/lizard/plateNumberLight01.xml" />
        <sharedLight linkNode="plateNumberLight02"         filename="$data/shared/assets/lights/lizard/plateNumberLight01.xml" />

        <realLights>
            <high>
                <light node="backLightsHigh1"       lightTypes="0"/>
                <light node="licensePlateLightHigh" lightTypes="0"/>
                <turnLightLeft node="turnLightLeftBack"/>
                <turnLightRight node="turnLightRightBack"/>
                <brakeLight node="backLightsHigh1"/>
                <reverseLight node="reverseLightHigh1"/>
            </high>
        </realLights>
    </lights>
	<foldable>
		<foldingConfigurations>
			<foldingConfiguration>
				<foldingParts posDirectionText="$l10n_AUTOLOADWOOD_Fold_additional_forks" negDirectionText="$l10n_AUTOLOADWOOD_Unfold_additional_forks" turnOnFoldMaxLimit="1" turnOnFoldMinLimit="0.9">
					<foldingPart animationName="additionalForks" speedScale="1" />
				</foldingParts>
			</foldingConfiguration>
		</foldingConfigurations>
    </foldable>

    <animations>
        <animation name="moveSupport">
            <part node="support" startTime="0.0" endTime="0.5" startTrans="0 0.8 3.537" endTrans="0 0.3 3.537"/>
            <sound template="clackVar6"             startTime="0.01" direction="-1" volumeScale="1.4" pitchScale="0.8" linkNode="attacherJoint"/>
            <sound template="clackVar1"             startTime="0.4"  direction="1"  volumeScale="2.5" pitchScale="0.8" linkNode="attacherJoint"/>
            <sound template="defaultHydraulicSound" startTime="0.01" endTime="0.49" volumeScale="2.5" pitchScale="0.8" linkNode="attacherJoint"/>
        </animation>
		<animation name="additionalForks">
            <part node="0>0|9|1" startTime="0" endTime="0.7" startTrans="0 1.591 6.064" endTrans="0 1.591 3.9"/>
            <part node="0>0|9|3" startTime="0" endTime="0.7" startTrans="0 1.591 0.901" endTrans="0 1.591 -1.39"/>
            <part node="0>0|9|5" startTime="0" endTime="0.7" startTrans="0 1.591 -4.243" endTrans="0 1.591 -6.6"/>
        </animation>
    </animations>

    <tensionBelts>
        <tensionBeltsConfigurations>
            <tensionBeltsConfiguration>
                <tensionBelts linkNode="tensionBelts" jointNode="timberRunner_main_component1" maxEdgeLength="0.1" geometryBias="0.01" ratchetPosition="0.2" defaultOffset="-0.25" defaultOffsetSide="0.1" defaultHeight="2.75" interactionRadius="1.5" totalInteractionRadius="6.5" activationTrigger="beltActivationTrigger">
                    <tensionBelt startNode="beltStart1" endNode="beltEnd1" offsetLeft="0.95"/>
                    <tensionBelt startNode="beltStart2" endNode="beltEnd2"/>
                    <tensionBelt startNode="beltStart3" endNode="beltEnd3"/>
                    <tensionBelt startNode="beltStart4" endNode="beltEnd4"/>
                    <tensionBelt startNode="beltStart5" endNode="beltEnd5"/>
                    <tensionBelt startNode="beltStart6" endNode="beltEnd6"/>
                    <tensionBelt startNode="beltStart7" endNode="beltEnd7"/>
                    <tensionBelt startNode="beltStart8" endNode="beltEnd8"/>
                    <tensionBelt startNode="beltStart9" endNode="beltEnd9" offsetRight="0.8"/>
                    <sounds>
                        <addBelt template="beltOpen" />
                        <removeBelt template="beltClose" />
                    </sounds>
                </tensionBelts>
            </tensionBeltsConfiguration>
        </tensionBeltsConfigurations>
    </tensionBelts>

    <ai>
        <agentAttachment jointNode="attacherJoint" rotCenterWheelIndices="1 2 3 4 5 6" width="2.6" height="4" length="12.2" lengthOffset="2.8"/>
    </ai>

    <foliageBending>
        <bendingNode minX="-1.3" maxX="1.3" minZ="-5.8" maxZ="6.3" yOffset="0.6" />
    </foliageBending>

    <rimColorConfigurations useDefaultColors="false" >
        <rimColorConfiguration name="$l10n_ui_colorChrome" color="SHARED_WHITE2" material="3" price="3000"/>
        <rimColorConfiguration name="$l10n_ui_colorSilver" color="SHARED_WHITE1" material="18" price="0"/>
        <rimColorConfiguration name="$l10n_ui_colorWhite"  color="SHARED_WHITE2" material="0" price="0"/>
        <rimColorConfiguration name="$l10n_ui_colorBlack"  color="SHARED_DA_METAL_BLACK" material="0" price="0"/>
    </rimColorConfigurations>

    <wearable wearDuration="480" workMultiplier="5" fieldMultiplier="2"/>
    <washable dirtDuration="90" washDuration="1" workMultiplier="3" fieldMultiplier="2"/>
	<AutoLoadWood  SizeY="5"  SizeX="10"  Speed="500">
        <woodTrigger  xOff="1.2"   yOff="-3"   zOff="1.5" />
        <fillPose     xOff="0"     yOff="2"    zOff="0" />
        <unloadPose   xOff="0"     yOff="5"    zOff="0" />
		<limitToLen   minLen="2.5" maxLen="21" delimbOk="0" />
    </AutoLoadWood>
	<loadMarker node="loadMarker"/>
	<unloadMarker node="unloadMarker"/>
    <i3dMappings>
        <i3dMapping id="timberRunner_main_component1" node="0>" />
        <i3dMapping id="attacherJoint" node="0>0|0|0" />
        <i3dMapping id="support" node="0>0|0|1" />
        <i3dMapping id="chockSupport01" node="0>0|0|2|0" />
        <i3dMapping id="chockSupport02" node="0>0|0|2|1" />
        <i3dMapping id="wheelChock01" node="0>0|0|2|2" />
        <i3dMapping id="wheelChock02" node="0>0|0|2|3" />
        <i3dMapping id="electric" node="0>0|0|3|0" />
        <i3dMapping id="airRed" node="0>0|0|3|1" />
        <i3dMapping id="airYellow" node="0>0|0|3|2" />
        <i3dMapping id="wheelLeftFront" node="0>0|1|0" />
        <i3dMapping id="wheelLeftFrontHub" node="0>0|1|0|0" />
        <i3dMapping id="wheelRightFront" node="0>0|1|1" />
        <i3dMapping id="wheelRightFrontHub" node="0>0|1|1|0" />
        <i3dMapping id="wheelLeftMiddle" node="0>0|1|2" />
        <i3dMapping id="wheelLeftMiddleHub" node="0>0|1|2|0" />
        <i3dMapping id="wheelRightMiddle" node="0>0|1|3" />
        <i3dMapping id="wheelRightMiddleHub" node="0>0|1|3|0" />
        <i3dMapping id="wheelLeftBack" node="0>0|1|4" />
        <i3dMapping id="wheelLeftBackHub" node="0>0|1|4|0" />
        <i3dMapping id="wheelRightBack" node="0>0|1|5" />
        <i3dMapping id="wheelRightBackHub" node="0>0|1|5|0" />
        <i3dMapping id="frontLightCone_01_2" node="0>0|2|0|0" />
        <i3dMapping id="frontLightCone_01_1" node="0>0|2|0|1" />
        <i3dMapping id="sideMarker_09_10" node="0>0|2|0|2" />
        <i3dMapping id="sideMarker_09_9" node="0>0|2|0|3" />
        <i3dMapping id="sideMarker_09_8" node="0>0|2|0|4" />
        <i3dMapping id="sideMarker_09_7" node="0>0|2|0|5" />
        <i3dMapping id="sideMarker_09_6" node="0>0|2|0|6" />
        <i3dMapping id="sideMarker_09_5" node="0>0|2|0|7" />
        <i3dMapping id="sideMarker_09_4" node="0>0|2|0|8" />
        <i3dMapping id="sideMarker_09_3" node="0>0|2|0|9" />
        <i3dMapping id="sideMarker_09_2" node="0>0|2|0|10" />
        <i3dMapping id="sideMarker_09_1" node="0>0|2|0|11" />
        <i3dMapping id="rearLightCircleWhite_02_1" node="0>0|2|0|12" />
        <i3dMapping id="rearLightCircleWhite_02_2" node="0>0|2|0|13" />
        <i3dMapping id="sideMarker_03_right" node="0>0|2|0|14" />
        <i3dMapping id="sideMarker_03_left" node="0>0|2|0|15" />
        <i3dMapping id="rear5ChamberLight_02_left" node="0>0|2|0|16" />
        <i3dMapping id="rear5ChamberLight_02_right" node="0>0|2|0|17" />
        <i3dMapping id="plateNumberLight01" node="0>0|2|0|18" />
        <i3dMapping id="plateNumberLight02" node="0>0|2|0|19" />
        <i3dMapping id="backLightsHigh1" node="0>0|2|1|0" />
        <i3dMapping id="licensePlateLightHigh" node="0>0|2|1|1" />
        <i3dMapping id="turnLightLeftBack" node="0>0|2|2|0" />
        <i3dMapping id="turnLightRightBack" node="0>0|2|2|1" />
        <i3dMapping id="reverseLightHigh1" node="0>0|2|3|0" />
        <i3dMapping id="tensionBelts" node="0>0|3" />
        <i3dMapping id="beltStart1" node="0>0|3|0" />
        <i3dMapping id="beltEnd1" node="0>0|3|0|0" />
        <i3dMapping id="beltStart2" node="0>0|3|1" />
        <i3dMapping id="beltEnd2" node="0>0|3|1|0" />
        <i3dMapping id="beltStart3" node="0>0|3|2" />
        <i3dMapping id="beltEnd3" node="0>0|3|2|0" />
        <i3dMapping id="beltStart4" node="0>0|3|3" />
        <i3dMapping id="beltEnd4" node="0>0|3|3|0" />
        <i3dMapping id="beltStart5" node="0>0|3|4" />
        <i3dMapping id="beltEnd5" node="0>0|3|4|0" />
        <i3dMapping id="beltStart6" node="0>0|3|5" />
        <i3dMapping id="beltEnd6" node="0>0|3|5|0" />
        <i3dMapping id="beltStart7" node="0>0|3|6" />
        <i3dMapping id="beltEnd7" node="0>0|3|6|0" />
        <i3dMapping id="beltStart8" node="0>0|3|7" />
        <i3dMapping id="beltEnd8" node="0>0|3|7|0" />
        <i3dMapping id="beltStart9" node="0>0|3|8" />
        <i3dMapping id="beltEnd9" node="0>0|3|8|0" />
        <i3dMapping id="beltActivationTrigger" node="0>0|3|9" />
        <i3dMapping id="licensePlateBack" node="0>0|4" />
		<i3dMapping id="autoLoadWood" node="0>0|8|0"/>
		<i3dMapping id="loadMarker" node="0>0|6" />
		<i3dMapping id="unloadMarker" node="0>0|7" />
		<i3dMapping id="dynamicMountTrigger" node="0>0|8|1" />
		<i3dMapping id="attacherTrans" node="0>0|10|0"/>
		<i3dMapping id="attacherJointTrailer" node="0>0|10|0|0|0"/>
    </i3dMappings>
</vehicle>
