<?xml version="1.0" encoding="utf-8" standalone="no" ?>
<placeable type="productionPoint" xmlns:xsi="http://www.w3.org/2001/XMLSchema-instance" xsi:noNamespaceSchemaLocation="../../../../../shared/xml/schema/placeable.xsd">
    <storeData>
        <name>$l10n_shop_emptyPallet</name>
        <functions>
            <function>$l10n_function_productionPoint</function>
        </functions>
        <image>textures/store_carpenterUS.png</image>
        <price>60000</price>
        <lifetime>1000</lifetime>
        <rotation>0</rotation>
        <brand>LIZARD</brand>
        <species>placeable</species>
        <category>productionPoints</category>
        <brush>
            <type>placeable</type>
            <category>production</category>
            <tab>factories</tab>
        </brush>
    </storeData>

    <base>
        <filename>xml/carpenterUS.i3d</filename>
        <canBeRenamed>true</canBeRenamed>
    </base>

    <placement useRandomYRotation="false" useManualYRotation="true" >
        <testAreas>
            <testArea startNode="testArea1Start" endNode="testArea1End" />
            <testArea startNode="testArea2Start" endNode="testArea2End" />
        </testAreas>

        <sounds>
            <place template="smallImp" />
        </sounds>
    </placement>

    <clearAreas>
        <clearArea startNode="clearArea1Start" widthNode="clearArea1Width" heightNode="clearArea1Height"/>
        <clearArea startNode="clearArea2Start" widthNode="clearArea2Width" heightNode="clearArea2Height"/>
    </clearAreas>

    <leveling requireLeveling="true" maxSmoothDistance="10" maxSlope="75" maxEdgeAngle="30" >
        <levelAreas>
            <levelArea startNode="levelArea1Start" widthNode="levelArea1Width" heightNode="levelArea1Height" groundType="asphalt"/>
            <levelArea startNode="levelArea2Start" widthNode="levelArea2Width" heightNode="levelArea2Height" groundType="asphalt"/>
        </levelAreas>
    </leveling>

    <indoorAreas>
        <indoorArea startNode="indoorArea1Start" widthNode="indoorArea1Width" heightNode="indoorArea1Height" />
    </indoorAreas>

    <tipOcclusionUpdateAreas>
        <tipOcclusionUpdateArea startNode="tipOcclusionUpdateArea1Start" endNode="tipOcclusionUpdateArea1End" />
    </tipOcclusionUpdateAreas>

    <ai>
        <updateAreas>
            <updateArea startNode="tipOcclusionUpdateArea1Start" endNode="tipOcclusionUpdateArea1End" />
        </updateAreas>
    </ai>

    <infoTrigger triggerNode="infoTrigger" />

    <hotspots>
        <hotspot type="PRODUCTION_POINT" linkNode="unloadTriggerMarker" teleportNode="teleportNode" />
    </hotspots>

    <dynamicallyLoadedParts>
        <dynamicallyLoadedPart filename="$data/placeables/lizard/productionPoints/carpenterUS/props.i3d" node="0" linkNode="propsLinkNode" />
    </dynamicallyLoadedParts>

    <triggerMarkers>
        <triggerMarker node="warningStripes" />
        <triggerMarker node="playerTriggerMarker"         filename="$data/shared/assets/marker/markerIcons.xml" id="WRENCH"           adjustToGround="true" />
        <triggerMarker node="unloadTriggerMarker"         filename="$data/shared/assets/marker/markerIcons.xml" id="UNLOAD"           adjustToGround="true" />
        <triggerMarker node="woodActivationTriggerMarker" filename="$data/shared/assets/marker/markerIcons.xml" id="EXCLAMATION_MARK" adjustToGround="true" />
    </triggerMarkers>

    <lights>
        <group weatherRequiredFlags="NIGHT" />

        <sharedLight filename="$data/shared/assets/lights/lizard/buildings/industrialWallLight.xml" linkNode="linkedLight1" groupIndex="1"/>
        <sharedLight filename="$data/shared/assets/lights/lizard/buildings/industrialWallLight.xml" linkNode="linkedLight2" groupIndex="1"/>
        <sharedLight filename="$data/shared/assets/lights/lizard/buildings/industrialWallLight.xml" linkNode="linkedLight3" groupIndex="1"/>
        <sharedLight filename="$data/shared/assets/lights/lizard/buildings/industrialWallLight.xml" linkNode="linkedLight4" groupIndex="1"/>
        <sharedLight filename="$data/shared/assets/lights/terraLed/fluorescentTube50W.xml"          linkNode="linkedLight5" groupIndex="1" />
        <sharedLight filename="$data/shared/assets/lights/terraLed/fluorescentTube50W.xml"          linkNode="linkedLight6" groupIndex="1" />

        <lightShape node="interiorSelfIllum" groupIndex="1"/>
        <lightShape node="interiorSelfIllumLOD" groupIndex="1"/>

        <realLights>
            <low>
                <light node="realLightsLow" groupIndex="1"/>
            </low>
            <high>
                <light node="realLightsHigh" groupIndex="1"/>
            </high>
        </realLights>
    </lights>

    <productionPoint>
        <productions>
            <production id="furnitureWood" name="%s (%s)" params="$l10n_fillType_furniture|$l10n_fillType_wood" cyclesPerHour="9" costsPerActiveHour="3">
                <inputs>
                    <input fillType="WOOD" amount="4" />
                </inputs>
                <outputs>
                    <output fillType="FURNITURE" amount="5" />
                    <output fillType="WOODCHIPS" amount="0.15" />
                </outputs>
            </production>
            <production id="furnitureBoards" name="%s (%s)" params="$l10n_fillType_furniture|$l10n_fillType_boards" cyclesPerHour="10" costsPerActiveHour="3">
                <inputs>
                    <input fillType="BOARDS" amount="5" />
                </inputs>
                <outputs>
                    <output fillType="FURNITURE" amount="7" />
                    <output fillType="WOODCHIPS" amount="0.1" />
                </outputs>
            </production>
			<production id="emptyPalletsWood" name="$l10n_Production1" cyclesPerHour="9" costsPerActiveHour="3">
                <inputs>
                    <input fillType="WOOD" amount="4" />
                </inputs>
                <outputs>
                    <output fillType="EMPTYPALLET" amount="40" />
                    <output fillType="WOODCHIPS" amount="1.4" />
                </outputs>
            </production>
            <production id="emptyPalletsBoards" name="$l10n_Production2" cyclesPerHour="10" costsPerActiveHour="3">
                <inputs>
                    <input fillType="BOARDS" amount="5" />
                </inputs>
                <outputs>
                    <output fillType="EMPTYPALLET" amount="60" />
                    <output fillType="WOODCHIPS" amount="1.1" />
                </outputs>
            </production>
        </productions>

        <storage isExtension="false" fillLevelSyncThreshold="50">
            <capacity fillType="WOOD"      		capacity="300000" />
            <capacity fillType="BOARDS"    		capacity="180000" />
            <capacity fillType="FURNITURE" 		capacity="40000" />
            <capacity fillType="WOODCHIPS" 		capacity="50000" />
			<capacity fillType="EMPTYPALLET"    capacity="300000" />
        </storage>

        <loadingStation node="loadingStation" supportsExtension="false">
            <loadTrigger triggerNode="loadTrigger" fillTypes="FURNITURE EMPTYPALLET WOODCHIPS" fillLitersPerSecond="2000" dischargeNode="dischargeNode">
                <!-- <effectNode effectClass="PipeEffect" effectNode="0|1|0|0|2|0" materialType="pipe" materialTypeId="1" fadeTime="0.5" maxBending="0" controlPoint="3.25 0 0 0"/> -->
                <!-- <effectNode                          effectNode="0|1|0|0|2|1" materialType="smoke"     materialTypeId="1" fadeTime="0.5" /> -->
            </loadTrigger>
        </loadingStation>

        <sellingStation node="sellingStation" supportsExtension="false" allowMissions="false" hideFromPricesMenu="true">
            <unloadTrigger exactFillRootNode="unloadTrigger" fillTypes="BOARDS EMPTYPALLET" />
            <unloadTrigger fillTypes="WOOD BOARDS" >
                <woodTrigger triggerNode="woodTrigger" activationTriggerNode="woodActivationTrigger" />
            </unloadTrigger>
        </sellingStation>

        <palletSpawner node="palletSpawner">
            <spawnPlaces>
                <spawnPlace startNode="spawnSpace1start" />
            </spawnPlaces>
        </palletSpawner>

        <playerTrigger node="playerTrigger" />

        <sounds>
            <idle template="carpenterIdle" linkNode="0>" />
            <active template="carpenterWork" linkNode="0>" />
        </sounds>
    </productionPoint>

    <i3dMappings>
        <i3dMapping id="interiorSelfIllum" node="0>0|0|0|2|1" />
        <i3dMapping id="propsLinkNode" node="0>0|0|1" />
        <i3dMapping id="interiorSelfIllumLOD" node="0>0|1|0|4" />
        <i3dMapping id="levelArea1Start" node="0>1|0" />
        <i3dMapping id="levelArea1Width" node="0>1|0|0" />
        <i3dMapping id="levelArea1Height" node="0>1|0|1" />
        <i3dMapping id="levelArea2Start" node="0>1|1" />
        <i3dMapping id="levelArea2Width" node="0>1|1|0" />
        <i3dMapping id="levelArea2Height" node="0>1|1|1" />
        <i3dMapping id="clearArea1Start" node="0>2|0" />
        <i3dMapping id="clearArea1Width" node="0>2|0|0" />
        <i3dMapping id="clearArea1Height" node="0>2|0|1" />
        <i3dMapping id="clearArea2Start" node="0>2|1" />
        <i3dMapping id="clearArea2Width" node="0>2|1|0" />
        <i3dMapping id="clearArea2Height" node="0>2|1|1" />
        <i3dMapping id="indoorArea1Start" node="0>3|0" />
        <i3dMapping id="indoorArea1Width" node="0>3|0|0" />
        <i3dMapping id="indoorArea1Height" node="0>3|0|1" />
        <i3dMapping id="indoorArea2Start" node="0>3|1" />
        <i3dMapping id="indoorArea2Width" node="0>3|1|0" />
        <i3dMapping id="indoorArea2Height" node="0>3|1|1" />
        <i3dMapping id="testArea1Start" node="0>4|0" />
        <i3dMapping id="testArea1End" node="0>4|0|0" />
        <i3dMapping id="testArea2Start" node="0>4|1" />
        <i3dMapping id="testArea2End" node="0>4|1|0" />
        <i3dMapping id="tipOcclusionUpdateArea1Start" node="0>5|0" />
        <i3dMapping id="tipOcclusionUpdateArea1End" node="0>5|0|0" />
        <i3dMapping id="infoTrigger" node="0>6" />
        <i3dMapping id="realLightsLow" node="0>8|0|0" />
        <i3dMapping id="realLightsHigh" node="0>8|0|1" />
        <i3dMapping id="linkedLight1" node="0>8|1|0" />
        <i3dMapping id="linkedLight2" node="0>8|1|1" />
        <i3dMapping id="linkedLight3" node="0>8|1|2" />
        <i3dMapping id="linkedLight4" node="0>8|1|3" />
        <i3dMapping id="linkedLight5" node="0>8|1|4" />
        <i3dMapping id="linkedLight6" node="0>8|1|5" />
        <i3dMapping id="loadingStation" node="0>9" />
        <i3dMapping id="loadTrigger" node="0>9|0" />
        <i3dMapping id="dischargeNode" node="0>9|0|0" />
        <i3dMapping id="loadingStationTriggerMarker" node="0>9|1" />
        <i3dMapping id="sellingStation" node="0>10" />
        <i3dMapping id="unloadTrigger" node="0>10|0" />
        <i3dMapping id="woodTrigger" node="0>10|1" />
        <i3dMapping id="unloadTriggerMarker" node="0>10|2" />
        <i3dMapping id="woodActivationTrigger" node="0>10|3" />
        <i3dMapping id="woodActivationTriggerMarker" node="0>10|4" />
        <i3dMapping id="teleportNode" node="0>10|5" />
        <i3dMapping id="playerTrigger" node="0>11|0" />
        <i3dMapping id="playerTriggerMarker" node="0>11|0|0" />
        <i3dMapping id="palletSpawner" node="0>12" />
        <i3dMapping id="spawnSpace1start" node="0>12|0" />
        <i3dMapping id="warningStripes" node="0>13" />
    </i3dMappings>
</placeable>
