﻿<?xml version="1.0" encoding="utf-8" standalone="no" ?>
<map xmlns:xsi="http://www.w3.org/2001/XMLSchema-instance" xsi:noNamespaceSchemaLocation="../../shared/xml/schema/fillTypes.xsd">
    

    <fillTypes>
        <fillType name="emptyPallet" title="$l10n_fillType_emptyPallet" showOnPriceTable="true">
            <physics massPerLiter="0.17" maxPhysicalSurfaceAngle="38" />
            <economy pricePerLiter="0.25"></economy>
            <image      hud     ="textures/hud_euroPallet.dds" />
            <pallet     filename="xml/EmptyPallet/EmptyPallet.xml" />
        </fillType> 
    </fillTypes>

    <fillTypeCategories>        
        <fillTypeCategory name="PRODUCT">EMPTYPALLET</fillTypeCategory>
    </fillTypeCategories>

    <fillTypeSounds>        
    </fillTypeSounds>
</map>
