<?xml version="1.0" encoding="utf-8" standalone="no" ?>
<placeable type="sellingStation" xmlns:xsi="http://www.w3.org/2001/XMLSchema-instance" xsi:noNamespaceSchemaLocation="../../../shared/xml/schema/placeable.xsd">
    <storeData>
        <name>$l10n_shopItem_productionSales</name>
        <image>textures/store_productionSales.png</image>
        <price>1000</price>
        <canBeSold>true</canBeSold>
        <showInStore>true</showInStore>
        <lifetime>1000</lifetime>
        <rotation>0</rotation>
        <brand>NONE</brand>
        <species>placeable</species>
        <category>sellingPoints</category>
        <brush>
            <type>placeable</type>
            <category>production</category>
            <tab>sellingPoints</tab>
        </brush>
    </storeData>

    <base>
        <filename>xml/productionSellPoint.i3d</filename>
		<canBeRenamed>true</canBeRenamed>
    </base>

    <placement useRandomYRotation="false" useManualYRotation="true" >
        <testAreas>
            <testArea startNode="testArea1Start" endNode="testArea1End" />
            <testArea startNode="testArea2Start" endNode="testArea2End" />
        </testAreas>
		<sounds>
            <place template="largeImp" />
        </sounds>
    </placement>

    <clearAreas>
        <clearArea startNode="clearArea1Start" widthNode="clearArea1Width" heightNode="clearArea1Height"/>	
	</clearAreas>

    <leveling requireLeveling="true" maxSmoothDistance="10" maxSlope="75" maxEdgeAngle="30" >
        <levelAreas>
            <levelArea startNode="levelArea1Start" widthNode="levelArea1Width" heightNode="levelArea1Height" groundType="asphalt"/>
        </levelAreas>
    </leveling>

    <indoorAreas></indoorAreas>
	
	<tipOcclusionUpdateAreas>
        <tipOcclusionUpdateArea startNode="tipOcclusionUpdateArea1Start" endNode="tipOcclusionUpdateArea1End" />
    </tipOcclusionUpdateAreas>
	
    <ai>
        <updateAreas>
            <updateArea startNode="tipOcclusionUpdateArea1Start" endNode="tipOcclusionUpdateArea1End" />
        </updateAreas>
    </ai>
	
	<hotspots>
        <hotspot type="UNLOADING" teleportNode="unloadTriggerMarker" />
    </hotspots>
	
	<triggerMarkers>
        <triggerMarker node="unloadTriggerMarker"    filename="$data/shared/assets/marker/markerIcons.xml" id="UNLOAD" adjustToGround="true" />
    </triggerMarkers>

    <sellingStation appearsOnStats="true" supportsExtension="false" litersForFullPriceDrop="200000" fullPriceRecoverHours="48">
        <unloadTrigger exactFillRootNode="unloadTrigger" aiNode="unloadTriggerAINode" fillTypes="POTATO SUGARBEET SUGARCANE WOODCHIPS DRYGRASS_WINDROW EGG WOOL MILK BREAD HONEY BUTTER FLOUR CHEESE SUNFLOWER_OIL CANOLA_OIL OLIVE_OIL TOMATO LETTUCE STRAWBERRY RAISINS GRAPEJUICE WHEAT BARLEY CANOLA SUNFLOWER SOYBEAN MAIZE OAT SORGHUM COTTON SILAGE EMPTYPALLET">
			<baleTrigger triggerNode="baleTrigger" aiNode="aiNode" deleteLitersPerSecond="10000"/>
		</unloadTrigger>
		
        <fillType name="WHEAT"          priceScale="1" supportsGreatDemand="true" disablePriceDrop="false" />
        <fillType name="BARLEY"         priceScale="1" supportsGreatDemand="true" disablePriceDrop="false" />
        <fillType name="CANOLA"         priceScale="1" supportsGreatDemand="true" disablePriceDrop="false" />
        <fillType name="SUNFLOWER"      priceScale="1" supportsGreatDemand="true" disablePriceDrop="false" />
        <fillType name="SOYBEAN"        priceScale="1" supportsGreatDemand="true" disablePriceDrop="false" />
        <fillType name="MAIZE"          priceScale="1" supportsGreatDemand="true" disablePriceDrop="false" />
        <fillType name="OAT"            priceScale="1" supportsGreatDemand="true" disablePriceDrop="false" />
        <fillType name="SORGHUM"        priceScale="1" supportsGreatDemand="true" disablePriceDrop="false" />
        <fillType name="POTATO"         priceScale="1" supportsGreatDemand="true" disablePriceDrop="false" />
        <fillType name="SUGARBEET"      priceScale="1" supportsGreatDemand="true" disablePriceDrop="false" />
        <fillType name="SUGARCANE"      priceScale="1" supportsGreatDemand="true" disablePriceDrop="false" />
		<fillType name="DRYGRASS_WINDROW"      priceScale="1" supportsGreatDemand="true" disablePriceDrop="false" />
        <fillType name="EGG"            priceScale="1" supportsGreatDemand="true" disablePriceDrop="false" />
        <fillType name="WOOL"           priceScale="1" supportsGreatDemand="true" disablePriceDrop="false" />
        <fillType name="MILK"           priceScale="1" supportsGreatDemand="true" disablePriceDrop="false" />
        <fillType name="BREAD"          priceScale="1" supportsGreatDemand="true" disablePriceDrop="false" />
        <fillType name="HONEY"          priceScale="1" supportsGreatDemand="true" disablePriceDrop="false" />
        <fillType name="BUTTER"         priceScale="1" supportsGreatDemand="true" disablePriceDrop="false" />
        <fillType name="CHEESE"         priceScale="1" supportsGreatDemand="true" disablePriceDrop="false" />
        <fillType name="SUNFLOWER_OIL"  priceScale="1" supportsGreatDemand="true" disablePriceDrop="false" />
        <fillType name="CANOLA_OIL"     priceScale="1" supportsGreatDemand="true" disablePriceDrop="false" />
        <fillType name="OLIVE_OIL"      priceScale="1" supportsGreatDemand="true" disablePriceDrop="false" />
        <fillType name="TOMATO"         priceScale="1" supportsGreatDemand="true" disablePriceDrop="false" />
        <fillType name="LETTUCE"        priceScale="1" supportsGreatDemand="true" disablePriceDrop="false" />
        <fillType name="STRAWBERRY"     priceScale="1" supportsGreatDemand="true" disablePriceDrop="false" />
        <fillType name="RAISINS"        priceScale="1" supportsGreatDemand="true" disablePriceDrop="false" />
        <fillType name="GRAPEJUICE"     priceScale="1" supportsGreatDemand="true" disablePriceDrop="false" />
        <fillType name="WOODCHIPS"      priceScale="1" supportsGreatDemand="true" disablePriceDrop="false" />
        <fillType name="COTTON"         priceScale="1" supportsGreatDemand="true" disablePriceDrop="false" />
		<fillType name="FLOUR"         	priceScale="1" supportsGreatDemand="true" disablePriceDrop="false" />		
		<fillType name="EMPTYPALLET"    priceScale="1" supportsGreatDemand="true" disablePriceDrop="false" />
		<fillType name="SILAGE"    		priceScale="1" supportsGreatDemand="true" disablePriceDrop="false" />
    </sellingStation>
	
    <i3dMappings>
        <i3dMapping id="clearArea1Start" node="0>0|7|0" />
        <i3dMapping id="clearArea1Width" node="0>0|7|0|0" />
        <i3dMapping id="clearArea1Height" node="0>0|7|0|1" />
        <i3dMapping id="levelArea1Start" node="0>0|8|0" />
        <i3dMapping id="levelArea1Width" node="0>0|8|0|0" />
        <i3dMapping id="levelArea1Height" node="0>0|8|0|1" />
        <i3dMapping id="testArea1Start" node="0>0|9|0" />
        <i3dMapping id="testArea1End" node="0>0|9|0|0" />
        <i3dMapping id="testArea2Start" node="0>0|9|1" />
        <i3dMapping id="testArea2End" node="0>0|9|1|0" />
        <i3dMapping id="tipOcclusionUpdateArea1Start" node="0>0|10|0" />
        <i3dMapping id="tipOcclusionUpdateArea1End" node="0>0|10|0|0" />
        <i3dMapping id="unloadTrigger" node="0>0|3" />
        <i3dMapping id="unloadTriggerMarker" node="0>0|3|0" />
		<i3dMapping id="unloadTriggerAINode" node="0>0|3|1" />
		<i3dMapping id="baleTrigger" node="0>0|4" />
		<i3dMapping id="aiNode" node="0>0|4|1" />
		<i3dMapping id="woodTrigger" node="0>0|5" />
		<i3dMapping id="sellingStationAINode" node="0>0|5|0" />
    </i3dMappings>
</placeable>
