﻿<?xml version="1.0" encoding="utf-8" standalone="no"?>
<universalAutoLoad>
    <vehicleConfigurations>
        <vehicleConfiguration configFileName="data/vehicles/welger/dk115/dk115.xml" selectedConfigs="2">
            <loadingArea offset="0 1.339 -0.165" width="1.95" height="2.00" length="4.525"/>
        </vehicleConfiguration>
        <vehicleConfiguration configFileName="data/vehicles/brantner/dd24073/dd24073.xml" selectedConfigs="1">
            <loadingArea offset="0 1.419 -0.75" width="2.41" height="2.80" length="7.25"/>
        </vehicleConfiguration>
        <vehicleConfiguration configFileName="data/vehicles/fliegl/dts59/dts59.xml">
            <loadingArea offset="0 1.205 -1.5" width="2.30" height="2.20" length="5.0"/>
        </vehicleConfiguration>
        <vehicleConfiguration configFileName="data/vehicles/bremerMaschinenbau/transportwagen/transportwagen.xml">
            <loadingArea offset="0 0.515 -0.265" width="2.30" height="2.20" length="4.75"/>
        </vehicleConfiguration>
        <vehicleConfiguration configFileName="data/vehicles/demco/steelDropDeck/steelDropDeck.xml">
            <loadingArea offset="0 1.010 -0.33" width="2.40" height="2.60" length="11.2"/>
			<!-- <options enableRearLoading="true" enableSideLoading="true"/> -->
        </vehicleConfiguration>
        <vehicleConfiguration configFileName="data/vehicles/lodeKing/renownTriAxleBeavertailLowDrop/renownTriAxleBeavertailLowDrop.xml">
            <loadingArea offset="0 1.010 -1.0" width="2.40" height="2.60" length="11.1"/>
			<!-- <options enableRearLoading="true" enableSideLoading="true"/> -->
        </vehicleConfiguration>
        <vehicleConfiguration configFileName="data/vehicles/krone/profiLiner/profiLiner.xml">
            <loadingArea offset="0 1.185 -0.1" width="2.40" height="2.50" length="13.2"/>
			<options isCurtainTrailer="true" enableRearLoading="true"/>
        </vehicleConfiguration>
        <vehicleConfiguration configFileName="data/vehicles/farmtech/dpw1800/dpw1800.xml">
            <loadingArea offset="0 1.130 -0.82" width="2.41" height="2.80" length="9.3"/>
        </vehicleConfiguration>
        <vehicleConfiguration configFileName="data/vehicles/kroeger/pwo24/pwo24.xml" selectedConfigs="1">
            <loadingArea offset="0 1.275 -0.20" width="2.41" height="2.80" length="9.75"/>
			<!-- <options noLoadingIfFolded="true"/> -->
        </vehicleConfiguration>
        <vehicleConfiguration configFileName="data/vehicles/boeckmann/mhal4320/mhal4320.xml">
            <loadingArea offset="0 0.650 -0.895" width="2.00" height="2.20" length="4.25"/>
			<options noLoadingIfUnfolded="true"/>
        </vehicleConfiguration>
		
		<!-- SUPPORTED VEHICLES -->
		<vehicleConfiguration configFileName="data/vehicles/lizard/pickup1986/pickup1986.xml">
            <loadingArea offset="0 0.810 -1.225" width="1.00" height="2.20" length="2.35"/>
        </vehicleConfiguration>
		<vehicleConfiguration configFileName="data/vehicles/lizard/pickup2017/pickup2017.xml">
            <loadingArea offset="0 0.763 -1.370" width="1.05" height="2.20" length="2.25"/>
        </vehicleConfiguration>
		<vehicleConfiguration configFileName="data/vehicles/johnDeere/xuv865M/xuv865M.xml">
            <loadingArea offset="0 0.741 -0.99" width="1.30" height="1.00" length="1.05"/>
        </vehicleConfiguration>
		<vehicleConfiguration configFileName="data/vehicles/mahindra/retriever/retriever.xml">
            <loadingArea offset="0 0.777 -1.04" width="1.30" height="1.40" length="0.88"/>
        </vehicleConfiguration>
		
		<!-- SUPPORTED MODS -->
		<!-- <vehicleConfiguration configFileName="FS22_Mack_Flatbed_Pack/anthem.xml"> -->
            <!-- <loadingArea offset="0 1.341 -4.0" width="2.40" height="2.50" length="6.60"/> -->
        <!-- </vehicleConfiguration> -->
		<!-- <vehicleConfiguration configFileName="FS22_Mack_Flatbed_Pack/pinnacle.xml"> -->
            <!-- <loadingArea offset="0 1.341 -4.0" width="2.40" height="2.50" length="6.60"/> -->
        <!-- </vehicleConfiguration> -->
		<!-- <vehicleConfiguration configFileName="FS22_Mack_Flatbed_Pack/superliner1979.xml"> -->
            <!-- <loadingArea offset="0 1.415 -3.8" width="2.40" height="2.50" length="6.50"/> -->
        <!-- </vehicleConfiguration> -->

        <vehicleConfiguration configFileName="FS22_lizardCarTrailer/lizardCarTrailer.xml">
            <loadingArea offset="0 0.60 -0.05" width="1.25" height="2.00" length="2.35"/>
        </vehicleConfiguration>
        <vehicleConfiguration configFileName="FS22_strautmannSEK802/sek802.xml" selectedConfigs="1">
            <loadingArea offset="0 1.30 -0.95" width="2.10" height="2.50" length="4.55"/>
        </vehicleConfiguration>
        <vehicleConfiguration configFileName="FS22_strautmannSZK802/szk802.xml" selectedConfigs="1">
            <loadingArea offset="0 1.30 -0.25" width="2.10" height="2.50" length="4.55"/>
        </vehicleConfiguration>
        <vehicleConfiguration configFileName="FS22_lindnerUnitrac122LDrive/unitrac122LDrivePlatform/unitrac122LDrivePlatform.xml" selectedConfigs="1,2">
            <loadingArea offset="0 1.13 0.15" width="1.95" height="2.25" length="2.65"/>
        </vehicleConfiguration>

    </vehicleConfigurations>
</universalAutoLoad>
