﻿<?xml version="1.0" encoding="utf-8" standalone="no" ?>
<modDesc descVersion="66">
    <author>Jos</author>
    <version>1.1.0.1</version>
    <title>
        <en>Mobile Utilities</en>
        <de>Mobile Hilfsmittel</de>
    </title>
    <description>
		<en><![CDATA[Take these mobile utilities with you to the forest, grass field, or where ever you want to!

Fill up the mobile buying station with fertilizer, lime, or other material and bring it with you to the field.
You can move these utilities by hand or place them in a transport box attached to your vehicle! (They can NOT be strapped)

Mobile Bale Sellpoint
Price: 500 €
Maintenance: 0

Mobile Wood Sellpoint
Price: 500 €
Maintenance: 0

Mobile Buying Station
Price: 500 €
Maintenance: 0

Changelog 1.1.0.0
- Added 2 new utilities
- Changed mod title and icon
- Increased weight of mobile wood sellpoint

Changelog 1.1.0.1
- Fixed WOOD not selling at Mobile Wood Sellpoint
]]>
		</en>
		<de><![CDATA[Nehmen Sie diese mobilen Hilfsmittel mit in den Wald, auf die Wiese oder wo immer Sie wollen!

Befüllen Sie die mobile Einkaufsstation mit Dünger, Kalk oder anderem Material und bringen Sie es mit aufs Feld.
Sie können diese Utensilien von Hand bewegen oder in einer an Ihrem Fahrzeug befestigten Transportbox verstauen! (Sie können NICHT geschnallt werden)

Mobile Ballenverkaufsstelle
Preis: 500 €
Unterhalt: 0 €

Mobile Holzverkaufsstelle
Preis: 500 €
Unterhalt: 0 €

Mobile Einkaufstelle
Preis: 500 €
Unterhalt: 0 €

Changelog 1.1.0.0
- 2 neue Hilfsmittel hinzugefügt
- Mod-Titel und -Symbol geändert
- Erhöhtes Gewicht der Holzverkaufsstelle

Changelog 1.1.0.1
- Behoben, dass WOOD nicht am Mobile Holzverkaufsstelle verkauft wurde
]]>
		</de>
    </description>
	<iconFilename>icon.dds</iconFilename>
    <multiplayer supported="true"/>	
	
    <storeItems>
		<storeItem xmlFilename="xml/mobileBaleSellpoint.xml"/>
        <storeItem xmlFilename="xml/mobileWoodSellpoint.xml"/>
        <storeItem xmlFilename="xml/mobileBuyingStation.xml"/>
    </storeItems>
	
	<l10n>
		<text name="shopItem_mobileBaleSellpoint">
			<en>Mobile Bale Sellpoint</en>
			<de>Mobile Ballenverkaufsstelle</de>
		</text>
		<text name="shopItem_mobileWoodSellpoint">
			<en>Mobile Wood Sellpoint</en>
			<de>Mobile Holzverkaufsstelle</de>
		</text>
		<text name="shopItem_mobileBuyingStation">
			<en>Mobile Buying Station</en>
			<de>Mobile Einkaufstelle</de>
		</text>
	</l10n>
</modDesc>
