<?xml version="1.0" encoding="utf-8" standalone="no" ?>
<modDesc descVersion="65">
    <author>ViperGTS96</author>
    <version>1.0.0.0</version>
    <title>
        <en>Real Dirt Particles</en>
        <de>Echte Schmutzpartikel</de>
        <fr>De Véritables Particules De Saleté</fr>
        <es>Partículas De Suciedad Reales</es>
        <it>Particelle Di Sporco Reale</it>
        <cz>Částice Skutečné Špíny</cz>
        <pl>Prawdziwe Cząsteczki Brudu</pl>
    </title>

    <description>
        <en><![CDATA["Real Dirt Particles" adds both dry and wet particle systems to vehicle tires. Works with "Real Dirt Color". Tested on Dedicated Servers.]]></en>
        <de><![CDATA["Echte Schmutzpartikel" fügt sowohl trockene als auch nasse Partikelsysteme zu Fahrzeugreifen hinzu. Funktioniert mit "Real Dirt Color". Getestet auf Dedicated Servern.]]></de>
        <fr><![CDATA["De Véritables Particules De Saleté" ajoute des systèmes de particules sèches et humides aux pneus des véhicules. Fonctionne avec "Real Dirt Color". Testé sur des serveurs dédiés.]]></fr>
        <es><![CDATA["Partículas De Suciedad Reales" añade sistemas de partículas secas y húmedas a los neumáticos de los vehículos. Funciona con "Real Dirt Color". Probado en Servidores Dedicados.]]></es>
        <it><![CDATA["Particelle Di Sporco Reale" aggiunge sistemi di particelle sia asciutte che bagnate ai pneumatici dei veicoli. Funziona con "Real Dirt Color". Testato su server dedicati.]]></it>
        <cz><![CDATA["Částice Skutečné Špíny" přidává do pneumatik vozidel systém suchých i mokrých částic. Pracuje s "Real Dirt Color". Testováno na dedikovaných serverech.]]></cz>
        <pl><![CDATA["Prawdziwe Cząsteczki Brudu" dodaje do opon pojazdów system cząsteczek zarówno suchych, jak i mokrych. Działa z "Real Dirt Color". Testowane na serwerach dedykowanych.]]></pl>
    </description>

    <iconFilename>icon.png</iconFilename>
    <multiplayer supported="true"/>

    <extraSourceFiles>
        <sourceFile filename="register.lua"/>
    </extraSourceFiles>

</modDesc>