﻿<?xml version="1.0" encoding="utf-8" standalone="no"?>
<modDesc descVersion="65">
    <author>gamerhzsFSH</author>
    <version>1.0.0.0</version>

    <title>
        <en>Stihl MS 661 C</en>
    </title>

    <description>
<en><![CDATA[
Big timber saw for the toughest jobs in forestry.

- Price: 1100.- €
]]>
</en>
<de><![CDATA[
Große Kettensäge mit langem Schwert für schweres Arbeiten in der Forstwirtschaft.

- Preis: 1100,- €
]]>
</de>
<hu><![CDATA[
Erőteljes fűrész a legnehezebb erdei munkálatokhoz.

- Ára: 1100 €
]]>
</hu>
    </description>

    <iconFilename>icon.dds</iconFilename>

    <multiplayer supported="true"/>

    <storeItems>
        <storeItem xmlFilename="StihlMS661C.xml"/>
    </storeItems>
</modDesc>
